[INFO ] 2026-10-01 05:30:54.614 [SA-OB-UAT(414)-[(414)Thread-1399]-[111]] WebShell - WebShell.readInputData:BenchmarkData is end of character.
[INFO ] 2026-10-01 05:30:54.620 [SA-OB-UAT(414)-[(414)Thread-1399]-[111]] GlobalTranslation - GlobalTranslation.getTranslations:companyID=-1,language=English,originalValue=SKU
[INFO ] 2026-10-01 05:30:54.620 [SA-OB-UAT(414)-[(414)Thread-1399]-[111]] GlobalTranslation - GlobalTranslation.getTranslations:translatedValue=SKU
[INFO ] 2026-10-01 05:30:54.620 [SA-OB-UAT(414)-[(414)Thread-1399]-[111]] GlobalTranslation - GlobalTranslation.getTranslations:companyID=-1,language=English,originalValue=SKU
[INFO ] 2026-10-01 05:30:54.620 [SA-OB-UAT(414)-[(414)Thread-1399]-[111]] GlobalTranslation - GlobalTranslation.getTranslations:translatedValue=SKU
[TRACE] 2026-10-01 05:30:54.620 [SA-OB-UAT(414)-[(414)Thread-1399]-[111]] WebShell - input data is null, isAlive = false, context = com.intellinum.mia.app.runtime.Context@29a990ba , thread = Thread[SA-OB-UAT(414)-[(414)Thread-1399]-[111],5,main]
[INFO ] 2026-10-01 05:30:54.663 [SA-OB-UAT(414)-[(414)Thread-1399]-[111]] FlexiWebSocket - FlexiWebSocket.closeConnection:message LogFire Connection closed
[ERROR] 2026-10-01 05:30:54.664 [SA-OB-UAT(414)-[(414)Thread-1399]-[111]] LogFirePage - class com.intellinum.mia.app.logfire.ui.LogFirePage
java.io.IOException: null
	at com.intellinum.mia.app.logfire.logical.JSCHManager.isConnected(JSCHManager.java:124) ~[FlexiServer.jar:?]
	at com.intellinum.mia.app.logfire.logical.LogFireSSHConnection.isAvailable(LogFireSSHConnection.java:949) ~[FlexiServer.jar:?]
	at com.intellinum.mia.app.logfire.ui.LogFirePage.logFireStatusCheck(LogFirePage.java:3904) ~[FlexiServer.jar:?]
	at com.intellinum.mia.app.runtime.FlexiRuntime.handleLogFireStatusCheck(FlexiRuntime.java:1024) ~[FlexiServer.jar:?]
	at com.intellinum.mia.app.runtime.FlexiRuntime.handleInputData(FlexiRuntime.java:658) ~[FlexiServer.jar:?]
	at com.intellinum.mia.web.WebShell.run(WebShell.java:95) ~[FlexiServer.jar:?]
[INFO ] 2026-10-01 05:30:54.664 [SA-OB-UAT(414)-[(414)Thread-1399]-[111]] WebShell - WebShell.readInputData:BenchmarkData is end of character.
[INFO ] 2026-10-01 05:30:54.664 [SA-OB-UAT(414)-[(414)Thread-1399]-[111]] GlobalTranslation - GlobalTranslation.getTranslations:companyID=-1,language=English,originalValue=SKU
[INFO ] 2026-10-01 05:30:54.664 [SA-OB-UAT(414)-[(414)Thread-1399]-[111]] GlobalTranslation - GlobalTranslation.getTranslations:translatedValue=SKU
[INFO ] 2026-10-01 05:30:54.664 [SA-OB-UAT(414)-[(414)Thread-1399]-[111]] GlobalTranslation - GlobalTranslation.getTranslations:companyID=-1,language=English,originalValue=SKU
[INFO ] 2026-10-01 05:30:54.664 [SA-OB-UAT(414)-[(414)Thread-1399]-[111]] GlobalTranslation - GlobalTranslation.getTranslations:translatedValue=SKU
[TRACE] 2026-10-01 05:30:54.664 [SA-OB-UAT(414)-[(414)Thread-1399]-[111]] WebShell - input data is null, isAlive = false, context = com.intellinum.mia.app.runtime.Context@29a990ba , thread = Thread[SA-OB-UAT(414)-[(414)Thread-1399]-[111],5,main]
[INFO ] 2026-10-01 05:30:54.714 [SA-OB-UAT(414)-[(414)Thread-1399]-[111]] FlexiWebSocket - FlexiWebSocket.closeConnection:message LogFire Connection closed
[ERROR] 2026-10-01 05:30:54.714 [SA-OB-UAT(414)-[(414)Thread-1399]-[111]] LogFirePage - class com.intellinum.mia.app.logfire.ui.LogFirePage
java.io.IOException: null
	at com.intellinum.mia.app.logfire.logical.JSCHManager.isConnected(JSCHManager.java:124) ~[FlexiServer.jar:?]
	at com.intellinum.mia.app.logfire.logical.LogFireSSHConnection.isAvailable(LogFireSSHConnection.java:949) ~[FlexiServer.jar:?]
	at com.intellinum.mia.app.logfire.ui.LogFirePage.logFireStatusCheck(LogFirePage.java:3904) ~[FlexiServer.jar:?]
	at com.intellinum.mia.app.runtime.FlexiRuntime.handleLogFireStatusCheck(FlexiRuntime.java:1024) ~[FlexiServer.jar:?]
	at com.intellinum.mia.app.runtime.FlexiRuntime.handleInputData(FlexiRuntime.java:658) ~[FlexiServer.jar:?]
	at com.intellinum.mia.web.WebShell.run(WebShell.java:95) ~[FlexiServer.jar:?]
[INFO ] 2026-10-01 05:30:54.714 [SA-OB-UAT(414)-[(414)Thread-1399]-[111]] WebShell - WebShell.readInputData:BenchmarkData is end of character.
[INFO ] 2026-10-01 05:30:54.714 [SA-OB-UAT(414)-[(414)Thread-1399]-[111]] GlobalTranslation - GlobalTranslation.getTranslations:companyID=-1,language=English,originalValue=SKU
[INFO ] 2026-10-01 05:30:54.714 [SA-OB-UAT(414)-[(414)Thread-1399]-[111]] GlobalTranslation - GlobalTranslation.getTranslations:translatedValue=SKU
[INFO ] 2026-10-01 05:30:54.714 [SA-OB-UAT(414)-[(414)Thread-1399]-[111]] GlobalTranslation - GlobalTranslation.getTranslations:companyID=-1,language=English,originalValue=SKU
[INFO ] 2026-10-01 05:30:54.714 [SA-OB-UAT(414)-[(414)Thread-1399]-[111]] GlobalTranslation - GlobalTranslation.getTranslations:translatedValue=SKU
[TRACE] 2026-10-01 05:30:54.714 [SA-OB-UAT(414)-[(414)Thread-1399]-[111]] WebShell - input data is null, isAlive = false, context = com.intellinum.mia.app.runtime.Context@29a990ba , thread = Thread[SA-OB-UAT(414)-[(414)Thread-1399]-[111],5,main]
[INFO ] 2026-10-01 05:30:54.764 [SA-OB-UAT(414)-[(414)Thread-1399]-[111]] FlexiWebSocket - FlexiWebSocket.closeConnection:message LogFire Connection closed
[ERROR] 2026-10-01 05:30:54.764 [SA-OB-UAT(414)-[(414)Thread-1399]-[111]] LogFirePage - class com.intellinum.mia.app.logfire.ui.LogFirePage
java.io.IOException: null
	at com.intellinum.mia.app.logfire.logical.JSCHManager.isConnected(JSCHManager.java:124) ~[FlexiServer.jar:?]
	at com.intellinum.mia.app.logfire.logical.LogFireSSHConnection.isAvailable(LogFireSSHConnection.java:949) ~[FlexiServer.jar:?]
	at com.intellinum.mia.app.logfire.ui.LogFirePage.logFireStatusCheck(LogFirePage.java:3904) ~[FlexiServer.jar:?]
	at com.intellinum.mia.app.runtime.FlexiRuntime.handleLogFireStatusCheck(FlexiRuntime.java:1024) ~[FlexiServer.jar:?]
	at com.intellinum.mia.app.runtime.FlexiRuntime.handleInputData(FlexiRuntime.java:658) ~[FlexiServer.jar:?]
	at com.intellinum.mia.web.WebShell.run(WebShell.java:95) ~[FlexiServer.jar:?]
[INFO ] 2026-10-01 05:30:54.764 [SA-OB-UAT(414)-[(414)Thread-1399]-[111]] WebShell - WebShell.readInputData:BenchmarkData is end of character.
[INFO ] 2026-10-01 05:30:54.764 [SA-OB-UAT(414)-[(414)Thread-1399]-[111]] GlobalTranslation - GlobalTranslation.getTranslations:companyID=-1,language=English,originalValue=SKU
[INFO ] 2026-10-01 05:30:54.764 [SA-OB-UAT(414)-[(414)Thread-1399]-[111]] GlobalTranslation - GlobalTranslation.getTranslations:translatedValue=SKU
[INFO ] 2026-10-01 05:30:54.764 [SA-OB-UAT(414)-[(414)Thread-1399]-[111]] GlobalTranslation - GlobalTranslation.getTranslations:companyID=-1,language=English,originalValue=SKU
[INFO ] 2026-10-01 05:30:54.764 [SA-OB-UAT(414)-[(414)Thread-1399]-[111]] GlobalTranslation - GlobalTranslation.getTranslations:translatedValue=SKU
[TRACE] 2026-10-01 05:30:54.764 [SA-OB-UAT(414)-[(414)Thread-1399]-[111]] WebShell - input data is null, isAlive = false, context = com.intellinum.mia.app.runtime.Context@29a990ba , thread = Thread[SA-OB-UAT(414)-[(414)Thread-1399]-[111],5,main]
[INFO ] 2026-10-01 05:30:54.814 [SA-OB-UAT(414)-[(414)Thread-1399]-[111]] FlexiWebSocket - FlexiWebSocket.closeConnection:message LogFire Connection closed
[ERROR] 2026-10-01 05:30:54.814 [SA-OB-UAT(414)-[(414)Thread-1399]-[111]] LogFirePage - class com.intellinum.mia.app.logfire.ui.LogFirePage
java.io.IOException: null
	at com.intellinum.mia.app.logfire.logical.JSCHManager.isConnected(JSCHManager.java:124) ~[FlexiServer.jar:?]
	at com.intellinum.mia.app.logfire.logical.LogFireSSHConnection.isAvailable(LogFireSSHConnection.java:949) ~[FlexiServer.jar:?]
	at com.intellinum.mia.app.logfire.ui.LogFirePage.logFireStatusCheck(LogFirePage.java:3904) ~[FlexiServer.jar:?]
	at com.intellinum.mia.app.runtime.FlexiRuntime.handleLogFireStatusCheck(FlexiRuntime.java:1024) ~[FlexiServer.jar:?]
	at com.intellinum.mia.app.runtime.FlexiRuntime.handleInputData(FlexiRuntime.java:658) ~[FlexiServer.jar:?]
	at com.intellinum.mia.web.WebShell.run(WebShell.java:95) ~[FlexiServer.jar:?]
[INFO ] 2026-10-01 05:30:54.815 [SA-OB-UAT(414)-[(414)Thread-1399]-[111]] WebShell - WebShell.readInputData:BenchmarkData is end of character.
[INFO ] 2026-10-01 05:30:54.815 [SA-OB-UAT(414)-[(414)Thread-1399]-[111]] GlobalTranslation - GlobalTranslation.getTranslations:companyID=-1,language=English,originalValue=SKU
[INFO ] 2026-10-01 05:30:54.815 [SA-OB-UAT(414)-[(414)Thread-1399]-[111]] GlobalTranslation - GlobalTranslation.getTranslations:translatedValue=SKU
[INFO ] 2026-10-01 05:30:54.815 [SA-OB-UAT(414)-[(414)Thread-1399]-[111]] GlobalTranslation - GlobalTranslation.getTranslations:companyID=-1,language=English,originalValue=SKU
[INFO ] 2026-10-01 05:30:54.815 [SA-OB-UAT(414)-[(414)Thread-1399]-[111]] GlobalTranslation - GlobalTranslation.getTranslations:translatedValue=SKU
[TRACE] 2026-10-01 05:30:54.815 [SA-OB-UAT(414)-[(414)Thread-1399]-[111]] WebShell - input data is null, isAlive = false, context = com.intellinum.mia.app.runtime.Context@29a990ba , thread = Thread[SA-OB-UAT(414)-[(414)Thread-1399]-[111],5,main]
[INFO ] 2026-10-01 05:30:54.864 [SA-OB-UAT(414)-[(414)Thread-1399]-[111]] FlexiWebSocket - FlexiWebSocket.closeConnection:message LogFire Connection closed
[ERROR] 2026-10-01 05:30:54.864 [SA-OB-UAT(414)-[(414)Thread-1399]-[111]] LogFirePage - class com.intellinum.mia.app.logfire.ui.LogFirePage
java.io.IOException: null
	at com.intellinum.mia.app.logfire.logical.JSCHManager.isConnected(JSCHManager.java:124) ~[FlexiServer.jar:?]
	at com.intellinum.mia.app.logfire.logical.LogFireSSHConnection.isAvailable(LogFireSSHConnection.java:949) ~[FlexiServer.jar:?]
	at com.intellinum.mia.app.logfire.ui.LogFirePage.logFireStatusCheck(LogFirePage.java:3904) ~[FlexiServer.jar:?]
	at com.intellinum.mia.app.runtime.FlexiRuntime.handleLogFireStatusCheck(FlexiRuntime.java:1024) ~[FlexiServer.jar:?]
	at com.intellinum.mia.app.runtime.FlexiRuntime.handleInputData(FlexiRuntime.java:658) ~[FlexiServer.jar:?]
	at com.intellinum.mia.web.WebShell.run(WebShell.java:95) ~[FlexiServer.jar:?]
[INFO ] 2026-10-01 05:30:54.864 [SA-OB-UAT(414)-[(414)Thread-1399]-[111]] WebShell - WebShell.readInputData:BenchmarkData is end of character.
[INFO ] 2026-10-01 05:30:54.864 [SA-OB-UAT(414)-[(414)Thread-1399]-[111]] GlobalTranslation - GlobalTranslation.getTranslations:companyID=-1,language=English,originalValue=SKU
[INFO ] 2026-10-01 05:30:54.864 [SA-OB-UAT(414)-[(414)Thread-1399]-[111]] GlobalTranslation - GlobalTranslation.getTranslations:translatedValue=SKU
[INFO ] 2026-10-01 05:30:54.864 [SA-OB-UAT(414)-[(414)Thread-1399]-[111]] GlobalTranslation - GlobalTranslation.getTranslations:companyID=-1,language=English,originalValue=SKU
[INFO ] 2026-10-01 05:30:54.864 [SA-OB-UAT(414)-[(414)Thread-1399]-[111]] GlobalTranslation - GlobalTranslation.getTranslations:translatedValue=SKU
[TRACE] 2026-10-01 05:30:54.864 [SA-OB-UAT(414)-[(414)Thread-1399]-[111]] WebShell - input data is null, isAlive = false, context = com.intellinum.mia.app.runtime.Context@29a990ba , thread = Thread[SA-OB-UAT(414)-[(414)Thread-1399]-[111],5,main]
[INFO ] 2026-10-01 05:30:54.914 [SA-OB-UAT(414)-[(414)Thread-1399]-[111]] FlexiWebSocket - FlexiWebSocket.closeConnection:message LogFire Connection closed
[ERROR] 2026-10-01 05:30:54.914 [SA-OB-UAT(414)-[(414)Thread-1399]-[111]] LogFirePage - class com.intellinum.mia.app.logfire.ui.LogFirePage
java.io.IOException: null
	at com.intellinum.mia.app.logfire.logical.JSCHManager.isConnected(JSCHManager.java:124) ~[FlexiServer.jar:?]
	at com.intellinum.mia.app.logfire.logical.LogFireSSHConnection.isAvailable(LogFireSSHConnection.java:949) ~[FlexiServer.jar:?]
	at com.intellinum.mia.app.logfire.ui.LogFirePage.logFireStatusCheck(LogFirePage.java:3904) ~[FlexiServer.jar:?]
	at com.intellinum.mia.app.runtime.FlexiRuntime.handleLogFireStatusCheck(FlexiRuntime.java:1024) ~[FlexiServer.jar:?]
	at com.intellinum.mia.app.runtime.FlexiRuntime.handleInputData(FlexiRuntime.java:658) ~[FlexiServer.jar:?]
	at com.intellinum.mia.web.WebShell.run(WebShell.java:95) ~[FlexiServer.jar:?]
[INFO ] 2026-10-01 05:30:54.914 [SA-OB-UAT(414)-[(414)Thread-1399]-[111]] WebShell - WebShell.readInputData:BenchmarkData is end of character.
[INFO ] 2026-10-01 05:30:54.914 [SA-OB-UAT(414)-[(414)Thread-1399]-[111]] GlobalTranslation - GlobalTranslation.getTranslations:companyID=-1,language=English,originalValue=SKU
[INFO ] 2026-10-01 05:30:54.914 [SA-OB-UAT(414)-[(414)Thread-1399]-[111]] GlobalTranslation - GlobalTranslation.getTranslations:translatedValue=SKU
[INFO ] 2026-10-01 05:30:54.914 [SA-OB-UAT(414)-[(414)Thread-1399]-[111]] GlobalTranslation - GlobalTranslation.getTranslations:companyID=-1,language=English,originalValue=SKU
[INFO ] 2026-10-01 05:30:54.914 [SA-OB-UAT(414)-[(414)Thread-1399]-[111]] GlobalTranslation - GlobalTranslation.getTranslations:translatedValue=SKU
[TRACE] 2026-10-01 05:30:54.914 [SA-OB-UAT(414)-[(414)Thread-1399]-[111]] WebShell - input data is null, isAlive = false, context = com.intellinum.mia.app.runtime.Context@29a990ba , thread = Thread[SA-OB-UAT(414)-[(414)Thread-1399]-[111],5,main]
[INFO ] 2026-10-01 05:30:54.964 [SA-OB-UAT(414)-[(414)Thread-1399]-[111]] FlexiWebSocket - FlexiWebSocket.closeConnection:message LogFire Connection closed
[ERROR] 2026-10-01 05:30:54.964 [SA-OB-UAT(414)-[(414)Thread-1399]-[111]] LogFirePage - class com.intellinum.mia.app.logfire.ui.LogFirePage
java.io.IOException: null
	at com.intellinum.mia.app.logfire.logical.JSCHManager.isConnected(JSCHManager.java:124) ~[FlexiServer.jar:?]
	at com.intellinum.mia.app.logfire.logical.LogFireSSHConnection.isAvailable(LogFireSSHConnection.java:949) ~[FlexiServer.jar:?]
	at com.intellinum.mia.app.logfire.ui.LogFirePage.logFireStatusCheck(LogFirePage.java:3904) ~[FlexiServer.jar:?]
	at com.intellinum.mia.app.runtime.FlexiRuntime.handleLogFireStatusCheck(FlexiRuntime.java:1024) ~[FlexiServer.jar:?]
	at com.intellinum.mia.app.runtime.FlexiRuntime.handleInputData(FlexiRuntime.java:658) ~[FlexiServer.jar:?]
	at com.intellinum.mia.web.WebShell.run(WebShell.java:95) ~[FlexiServer.jar:?]
[INFO ] 2026-10-01 05:30:54.964 [SA-OB-UAT(414)-[(414)Thread-1399]-[111]] WebShell - WebShell.readInputData:BenchmarkData is end of character.
[INFO ] 2026-10-01 05:30:54.964 [SA-OB-UAT(414)-[(414)Thread-1399]-[111]] GlobalTranslation - GlobalTranslation.getTranslations:companyID=-1,language=English,originalValue=SKU
[INFO ] 2026-10-01 05:30:54.964 [SA-OB-UAT(414)-[(414)Thread-1399]-[111]] GlobalTranslation - GlobalTranslation.getTranslations:translatedValue=SKU
[INFO ] 2026-10-01 05:30:54.964 [SA-OB-UAT(414)-[(414)Thread-1399]-[111]] GlobalTranslation - GlobalTranslation.getTranslations:companyID=-1,language=English,originalValue=SKU
[INFO ] 2026-10-01 05:30:54.964 [SA-OB-UAT(414)-[(414)Thread-1399]-[111]] GlobalTranslation - GlobalTranslation.getTranslations:translatedValue=SKU
[TRACE] 2026-10-01 05:30:54.964 [SA-OB-UAT(414)-[(414)Thread-1399]-[111]] WebShell - input data is null, isAlive = false, context = com.intellinum.mia.app.runtime.Context@29a990ba , thread = Thread[SA-OB-UAT(414)-[(414)Thread-1399]-[111],5,main]
[INFO ] 2026-10-01 05:30:55.014 [SA-OB-UAT(414)-[(414)Thread-1399]-[111]] FlexiWebSocket - FlexiWebSocket.closeConnection:message LogFire Connection closed
[ERROR] 2026-10-01 05:30:55.014 [SA-OB-UAT(414)-[(414)Thread-1399]-[111]] LogFirePage - class com.intellinum.mia.app.logfire.ui.LogFirePage
java.io.IOException: null
	at com.intellinum.mia.app.logfire.logical.JSCHManager.isConnected(JSCHManager.java:124) ~[FlexiServer.jar:?]
	at com.intellinum.mia.app.logfire.logical.LogFireSSHConnection.isAvailable(LogFireSSHConnection.java:949) ~[FlexiServer.jar:?]
	at com.intellinum.mia.app.logfire.ui.LogFirePage.logFireStatusCheck(LogFirePage.java:3904) ~[FlexiServer.jar:?]
	at com.intellinum.mia.app.runtime.FlexiRuntime.handleLogFireStatusCheck(FlexiRuntime.java:1024) ~[FlexiServer.jar:?]
	at com.intellinum.mia.app.runtime.FlexiRuntime.handleInputData(FlexiRuntime.java:658) ~[FlexiServer.jar:?]
	at com.intellinum.mia.web.WebShell.run(WebShell.java:95) ~[FlexiServer.jar:?]
[INFO ] 2026-10-01 05:30:55.014 [SA-OB-UAT(414)-[(414)Thread-1399]-[111]] WebShell - WebShell.readInputData:BenchmarkData is end of character.
[INFO ] 2026-10-01 05:30:55.014 [SA-OB-UAT(414)-[(414)Thread-1399]-[111]] GlobalTranslation - GlobalTranslation.getTranslations:companyID=-1,language=English,originalValue=SKU
[INFO ] 2026-10-01 05:30:55.014 [SA-OB-UAT(414)-[(414)Thread-1399]-[111]] GlobalTranslation - GlobalTranslation.getTranslations:translatedValue=SKU
[INFO ] 2026-10-01 05:30:55.014 [SA-OB-UAT(414)-[(414)Thread-1399]-[111]] GlobalTranslation - GlobalTranslation.getTranslations:companyID=-1,language=English,originalValue=SKU
[INFO ] 2026-10-01 05:30:55.014 [SA-OB-UAT(414)-[(414)Thread-1399]-[111]] GlobalTranslation - GlobalTranslation.getTranslations:translatedValue=SKU
[TRACE] 2026-10-01 05:30:55.014 [SA-OB-UAT(414)-[(414)Thread-1399]-[111]] WebShell - input data is null, isAlive = false, context = com.intellinum.mia.app.runtime.Context@29a990ba , thread = Thread[SA-OB-UAT(414)-[(414)Thread-1399]-[111],5,main]
[INFO ] 2026-10-01 05:30:55.064 [SA-OB-UAT(414)-[(414)Thread-1399]-[111]] FlexiWebSocket - FlexiWebSocket.closeConnection:message LogFire Connection closed
[ERROR] 2026-10-01 05:30:55.064 [SA-OB-UAT(414)-[(414)Thread-1399]-[111]] LogFirePage - class com.intellinum.mia.app.logfire.ui.LogFirePage
java.io.IOException: null
	at com.intellinum.mia.app.logfire.logical.JSCHManager.isConnected(JSCHManager.java:124) ~[FlexiServer.jar:?]
	at com.intellinum.mia.app.logfire.logical.LogFireSSHConnection.isAvailable(LogFireSSHConnection.java:949) ~[FlexiServer.jar:?]
	at com.intellinum.mia.app.logfire.ui.LogFirePage.logFireStatusCheck(LogFirePage.java:3904) ~[FlexiServer.jar:?]
	at com.intellinum.mia.app.runtime.FlexiRuntime.handleLogFireStatusCheck(FlexiRuntime.java:1024) ~[FlexiServer.jar:?]
	at com.intellinum.mia.app.runtime.FlexiRuntime.handleInputData(FlexiRuntime.java:658) ~[FlexiServer.jar:?]
	at com.intellinum.mia.web.WebShell.run(WebShell.java:95) ~[FlexiServer.jar:?]
[INFO ] 2026-10-01 05:30:55.064 [SA-OB-UAT(414)-[(414)Thread-1399]-[111]] WebShell - WebShell.readInputData:BenchmarkData is end of character.
[INFO ] 2026-10-01 05:30:55.064 [SA-OB-UAT(414)-[(414)Thread-1399]-[111]] GlobalTranslation - GlobalTranslation.getTranslations:companyID=-1,language=English,originalValue=SKU
[INFO ] 2026-10-01 05:30:55.064 [SA-OB-UAT(414)-[(414)Thread-1399]-[111]] GlobalTranslation - GlobalTranslation.getTranslations:translatedValue=SKU
[INFO ] 2026-10-01 05:30:55.064 [SA-OB-UAT(414)-[(414)Thread-1399]-[111]] GlobalTranslation - GlobalTranslation.getTranslations:companyID=-1,language=English,originalValue=SKU
[INFO ] 2026-10-01 05:30:55.064 [SA-OB-UAT(414)-[(414)Thread-1399]-[111]] GlobalTranslation - GlobalTranslation.getTranslations:translatedValue=SKU
[TRACE] 2026-10-01 05:30:55.064 [SA-OB-UAT(414)-[(414)Thread-1399]-[111]] WebShell - input data is null, isAlive = false, context = com.intellinum.mia.app.runtime.Context@29a990ba , thread = Thread[SA-OB-UAT(414)-[(414)Thread-1399]-[111],5,main]
[INFO ] 2026-10-01 05:30:55.114 [SA-OB-UAT(414)-[(414)Thread-1399]-[111]] FlexiWebSocket - FlexiWebSocket.closeConnection:message LogFire Connection closed
[ERROR] 2026-10-01 05:30:55.114 [SA-OB-UAT(414)-[(414)Thread-1399]-[111]] LogFirePage - class com.intellinum.mia.app.logfire.ui.LogFirePage
java.io.IOException: null
	at com.intellinum.mia.app.logfire.logical.JSCHManager.isConnected(JSCHManager.java:124) ~[FlexiServer.jar:?]
	at com.intellinum.mia.app.logfire.logical.LogFireSSHConnection.isAvailable(LogFireSSHConnection.java:949) ~[FlexiServer.jar:?]
	at com.intellinum.mia.app.logfire.ui.LogFirePage.logFireStatusCheck(LogFirePage.java:3904) ~[FlexiServer.jar:?]
	at com.intellinum.mia.app.runtime.FlexiRuntime.handleLogFireStatusCheck(FlexiRuntime.java:1024) ~[FlexiServer.jar:?]
	at com.intellinum.mia.app.runtime.FlexiRuntime.handleInputData(FlexiRuntime.java:658) ~[FlexiServer.jar:?]
	at com.intellinum.mia.web.WebShell.run(WebShell.java:95) ~[FlexiServer.jar:?]
[INFO ] 2026-10-01 05:30:55.114 [SA-OB-UAT(414)-[(414)Thread-1399]-[111]] WebShell - WebShell.readInputData:BenchmarkData is end of character.
[INFO ] 2026-10-01 05:30:55.114 [SA-OB-UAT(414)-[(414)Thread-1399]-[111]] GlobalTranslation - GlobalTranslation.getTranslations:companyID=-1,language=English,originalValue=SKU
[INFO ] 2026-10-01 05:30:55.114 [SA-OB-UAT(414)-[(414)Thread-1399]-[111]] GlobalTranslation - GlobalTranslation.getTranslations:translatedValue=SKU
[INFO ] 2026-10-01 05:30:55.114 [SA-OB-UAT(414)-[(414)Thread-1399]-[111]] GlobalTranslation - GlobalTranslation.getTranslations:companyID=-1,language=English,originalValue=SKU
[INFO ] 2026-10-01 05:30:55.114 [SA-OB-UAT(414)-[(414)Thread-1399]-[111]] GlobalTranslation - GlobalTranslation.getTranslations:translatedValue=SKU
[TRACE] 2026-10-01 05:30:55.114 [SA-OB-UAT(414)-[(414)Thread-1399]-[111]] WebShell - input data is null, isAlive = false, context = com.intellinum.mia.app.runtime.Context@29a990ba , thread = Thread[SA-OB-UAT(414)-[(414)Thread-1399]-[111],5,main]
[INFO ] 2026-10-01 05:30:55.164 [SA-OB-UAT(414)-[(414)Thread-1399]-[111]] FlexiWebSocket - FlexiWebSocket.closeConnection:message LogFire Connection closed
[ERROR] 2026-10-01 05:30:55.164 [SA-OB-UAT(414)-[(414)Thread-1399]-[111]] LogFirePage - class com.intellinum.mia.app.logfire.ui.LogFirePage
java.io.IOException: null
	at com.intellinum.mia.app.logfire.logical.JSCHManager.isConnected(JSCHManager.java:124) ~[FlexiServer.jar:?]
	at com.intellinum.mia.app.logfire.logical.LogFireSSHConnection.isAvailable(LogFireSSHConnection.java:949) ~[FlexiServer.jar:?]
	at com.intellinum.mia.app.logfire.ui.LogFirePage.logFireStatusCheck(LogFirePage.java:3904) ~[FlexiServer.jar:?]
	at com.intellinum.mia.app.runtime.FlexiRuntime.handleLogFireStatusCheck(FlexiRuntime.java:1024) ~[FlexiServer.jar:?]
	at com.intellinum.mia.app.runtime.FlexiRuntime.handleInputData(FlexiRuntime.java:658) ~[FlexiServer.jar:?]
	at com.intellinum.mia.web.WebShell.run(WebShell.java:95) ~[FlexiServer.jar:?]
[INFO ] 2026-10-01 05:30:55.164 [SA-OB-UAT(414)-[(414)Thread-1399]-[111]] WebShell - WebShell.readInputData:BenchmarkData is end of character.
[INFO ] 2026-10-01 05:30:55.164 [SA-OB-UAT(414)-[(414)Thread-1399]-[111]] GlobalTranslation - GlobalTranslation.getTranslations:companyID=-1,language=English,originalValue=SKU
[INFO ] 2026-10-01 05:30:55.164 [SA-OB-UAT(414)-[(414)Thread-1399]-[111]] GlobalTranslation - GlobalTranslation.getTranslations:translatedValue=SKU
[INFO ] 2026-10-01 05:30:55.164 [SA-OB-UAT(414)-[(414)Thread-1399]-[111]] GlobalTranslation - GlobalTranslation.getTranslations:companyID=-1,language=English,originalValue=SKU
[INFO ] 2026-10-01 05:30:55.164 [SA-OB-UAT(414)-[(414)Thread-1399]-[111]] GlobalTranslation - GlobalTranslation.getTranslations:translatedValue=SKU
[TRACE] 2026-10-01 05:30:55.164 [SA-OB-UAT(414)-[(414)Thread-1399]-[111]] WebShell - input data is null, isAlive = false, context = com.intellinum.mia.app.runtime.Context@29a990ba , thread = Thread[SA-OB-UAT(414)-[(414)Thread-1399]-[111],5,main]
[INFO ] 2026-10-01 05:30:55.214 [SA-OB-UAT(414)-[(414)Thread-1399]-[111]] FlexiWebSocket - FlexiWebSocket.closeConnection:message LogFire Connection closed
[ERROR] 2026-10-01 05:30:55.214 [SA-OB-UAT(414)-[(414)Thread-1399]-[111]] LogFirePage - class com.intellinum.mia.app.logfire.ui.LogFirePage
java.io.IOException: null
	at com.intellinum.mia.app.logfire.logical.JSCHManager.isConnected(JSCHManager.java:124) ~[FlexiServer.jar:?]
	at com.intellinum.mia.app.logfire.logical.LogFireSSHConnection.isAvailable(LogFireSSHConnection.java:949) ~[FlexiServer.jar:?]
	at com.intellinum.mia.app.logfire.ui.LogFirePage.logFireStatusCheck(LogFirePage.java:3904) ~[FlexiServer.jar:?]
	at com.intellinum.mia.app.runtime.FlexiRuntime.handleLogFireStatusCheck(FlexiRuntime.java:1024) ~[FlexiServer.jar:?]
	at com.intellinum.mia.app.runtime.FlexiRuntime.handleInputData(FlexiRuntime.java:658) ~[FlexiServer.jar:?]
	at com.intellinum.mia.web.WebShell.run(WebShell.java:95) ~[FlexiServer.jar:?]
[INFO ] 2026-10-01 05:30:55.214 [SA-OB-UAT(414)-[(414)Thread-1399]-[111]] WebShell - WebShell.readInputData:BenchmarkData is end of character.
[INFO ] 2026-10-01 05:30:55.214 [SA-OB-UAT(414)-[(414)Thread-1399]-[111]] GlobalTranslation - GlobalTranslation.getTranslations:companyID=-1,language=English,originalValue=SKU
[INFO ] 2026-10-01 05:30:55.214 [SA-OB-UAT(414)-[(414)Thread-1399]-[111]] GlobalTranslation - GlobalTranslation.getTranslations:translatedValue=SKU
[INFO ] 2026-10-01 05:30:55.214 [SA-OB-UAT(414)-[(414)Thread-1399]-[111]] GlobalTranslation - GlobalTranslation.getTranslations:companyID=-1,language=English,originalValue=SKU
[INFO ] 2026-10-01 05:30:55.214 [SA-OB-UAT(414)-[(414)Thread-1399]-[111]] GlobalTranslation - GlobalTranslation.getTranslations:translatedValue=SKU
[TRACE] 2026-10-01 05:30:55.214 [SA-OB-UAT(414)-[(414)Thread-1399]-[111]] WebShell - input data is null, isAlive = false, context = com.intellinum.mia.app.runtime.Context@29a990ba , thread = Thread[SA-OB-UAT(414)-[(414)Thread-1399]-[111],5,main]
[INFO ] 2026-10-01 05:30:55.264 [SA-OB-UAT(414)-[(414)Thread-1399]-[111]] FlexiWebSocket - FlexiWebSocket.closeConnection:message LogFire Connection closed
[ERROR] 2026-10-01 05:30:55.265 [SA-OB-UAT(414)-[(414)Thread-1399]-[111]] LogFirePage - class com.intellinum.mia.app.logfire.ui.LogFirePage
java.io.IOException: null
	at com.intellinum.mia.app.logfire.logical.JSCHManager.isConnected(JSCHManager.java:124) ~[FlexiServer.jar:?]
	at com.intellinum.mia.app.logfire.logical.LogFireSSHConnection.isAvailable(LogFireSSHConnection.java:949) ~[FlexiServer.jar:?]
	at com.intellinum.mia.app.logfire.ui.LogFirePage.logFireStatusCheck(LogFirePage.java:3904) ~[FlexiServer.jar:?]
	at com.intellinum.mia.app.runtime.FlexiRuntime.handleLogFireStatusCheck(FlexiRuntime.java:1024) ~[FlexiServer.jar:?]
	at com.intellinum.mia.app.runtime.FlexiRuntime.handleInputData(FlexiRuntime.java:658) ~[FlexiServer.jar:?]
	at com.intellinum.mia.web.WebShell.run(WebShell.java:95) ~[FlexiServer.jar:?]
[INFO ] 2026-10-01 05:30:55.265 [SA-OB-UAT(414)-[(414)Thread-1399]-[111]] WebShell - WebShell.readInputData:BenchmarkData is end of character.
[INFO ] 2026-10-01 05:30:55.265 [SA-OB-UAT(414)-[(414)Thread-1399]-[111]] GlobalTranslation - GlobalTranslation.getTranslations:companyID=-1,language=English,originalValue=SKU
[INFO ] 2026-10-01 05:30:55.265 [SA-OB-UAT(414)-[(414)Thread-1399]-[111]] GlobalTranslation - GlobalTranslation.getTranslations:translatedValue=SKU
[INFO ] 2026-10-01 05:30:55.265 [SA-OB-UAT(414)-[(414)Thread-1399]-[111]] GlobalTranslation - GlobalTranslation.getTranslations:companyID=-1,language=English,originalValue=SKU
[INFO ] 2026-10-01 05:30:55.265 [SA-OB-UAT(414)-[(414)Thread-1399]-[111]] GlobalTranslation - GlobalTranslation.getTranslations:translatedValue=SKU
[TRACE] 2026-10-01 05:30:55.265 [SA-OB-UAT(414)-[(414)Thread-1399]-[111]] WebShell - input data is null, isAlive = false, context = com.intellinum.mia.app.runtime.Context@29a990ba , thread = Thread[SA-OB-UAT(414)-[(414)Thread-1399]-[111],5,main]
[INFO ] 2026-10-01 05:30:55.315 [SA-OB-UAT(414)-[(414)Thread-1399]-[111]] FlexiWebSocket - FlexiWebSocket.closeConnection:message LogFire Connection closed
[ERROR] 2026-10-01 05:30:55.315 [SA-OB-UAT(414)-[(414)Thread-1399]-[111]] LogFirePage - class com.intellinum.mia.app.logfire.ui.LogFirePage
java.io.IOException: null
	at com.intellinum.mia.app.logfire.logical.JSCHManager.isConnected(JSCHManager.java:124) ~[FlexiServer.jar:?]
	at com.intellinum.mia.app.logfire.logical.LogFireSSHConnection.isAvailable(LogFireSSHConnection.java:949) ~[FlexiServer.jar:?]
	at com.intellinum.mia.app.logfire.ui.LogFirePage.logFireStatusCheck(LogFirePage.java:3904) ~[FlexiServer.jar:?]
	at com.intellinum.mia.app.runtime.FlexiRuntime.handleLogFireStatusCheck(FlexiRuntime.java:1024) ~[FlexiServer.jar:?]
	at com.intellinum.mia.app.runtime.FlexiRuntime.handleInputData(FlexiRuntime.java:658) ~[FlexiServer.jar:?]
	at com.intellinum.mia.web.WebShell.run(WebShell.java:95) ~[FlexiServer.jar:?]
[INFO ] 2026-10-01 05:30:55.315 [SA-OB-UAT(414)-[(414)Thread-1399]-[111]] WebShell - WebShell.readInputData:BenchmarkData is end of character.
[INFO ] 2026-10-01 05:30:55.315 [SA-OB-UAT(414)-[(414)Thread-1399]-[111]] GlobalTranslation - GlobalTranslation.getTranslations:companyID=-1,language=English,originalValue=SKU
[INFO ] 2026-10-01 05:30:55.315 [SA-OB-UAT(414)-[(414)Thread-1399]-[111]] GlobalTranslation - GlobalTranslation.getTranslations:translatedValue=SKU
[INFO ] 2026-10-01 05:30:55.315 [SA-OB-UAT(414)-[(414)Thread-1399]-[111]] GlobalTranslation - GlobalTranslation.getTranslations:companyID=-1,language=English,originalValue=SKU
[INFO ] 2026-10-01 05:30:55.315 [SA-OB-UAT(414)-[(414)Thread-1399]-[111]] GlobalTranslation - GlobalTranslation.getTranslations:translatedValue=SKU
[TRACE] 2026-10-01 05:30:55.315 [SA-OB-UAT(414)-[(414)Thread-1399]-[111]] WebShell - input data is null, isAlive = false, context = com.intellinum.mia.app.runtime.Context@29a990ba , thread = Thread[SA-OB-UAT(414)-[(414)Thread-1399]-[111],5,main]
[INFO ] 2026-10-01 05:30:55.365 [SA-OB-UAT(414)-[(414)Thread-1399]-[111]] FlexiWebSocket - FlexiWebSocket.closeConnection:message LogFire Connection closed
[ERROR] 2026-10-01 05:30:55.365 [SA-OB-UAT(414)-[(414)Thread-1399]-[111]] LogFirePage - class com.intellinum.mia.app.logfire.ui.LogFirePage
java.io.IOException: null
	at com.intellinum.mia.app.logfire.logical.JSCHManager.isConnected(JSCHManager.java:124) ~[FlexiServer.jar:?]
	at com.intellinum.mia.app.logfire.logical.LogFireSSHConnection.isAvailable(LogFireSSHConnection.java:949) ~[FlexiServer.jar:?]
	at com.intellinum.mia.app.logfire.ui.LogFirePage.logFireStatusCheck(LogFirePage.java:3904) ~[FlexiServer.jar:?]
	at com.intellinum.mia.app.runtime.FlexiRuntime.handleLogFireStatusCheck(FlexiRuntime.java:1024) ~[FlexiServer.jar:?]
	at com.intellinum.mia.app.runtime.FlexiRuntime.handleInputData(FlexiRuntime.java:658) ~[FlexiServer.jar:?]
	at com.intellinum.mia.web.WebShell.run(WebShell.java:95) ~[FlexiServer.jar:?]
[INFO ] 2026-10-01 05:30:55.365 [SA-OB-UAT(414)-[(414)Thread-1399]-[111]] WebShell - WebShell.readInputData:BenchmarkData is end of character.
[INFO ] 2026-10-01 05:30:55.365 [SA-OB-UAT(414)-[(414)Thread-1399]-[111]] GlobalTranslation - GlobalTranslation.getTranslations:companyID=-1,language=English,originalValue=SKU
[INFO ] 2026-10-01 05:30:55.365 [SA-OB-UAT(414)-[(414)Thread-1399]-[111]] GlobalTranslation - GlobalTranslation.getTranslations:translatedValue=SKU
[INFO ] 2026-10-01 05:30:55.365 [SA-OB-UAT(414)-[(414)Thread-1399]-[111]] GlobalTranslation - GlobalTranslation.getTranslations:companyID=-1,language=English,originalValue=SKU
[INFO ] 2026-10-01 05:30:55.365 [SA-OB-UAT(414)-[(414)Thread-1399]-[111]] GlobalTranslation - GlobalTranslation.getTranslations:translatedValue=SKU
[TRACE] 2026-10-01 05:30:55.365 [SA-OB-UAT(414)-[(414)Thread-1399]-[111]] WebShell - input data is null, isAlive = false, context = com.intellinum.mia.app.runtime.Context@29a990ba , thread = Thread[SA-OB-UAT(414)-[(414)Thread-1399]-[111],5,main]
[INFO ] 2026-10-01 05:30:55.415 [SA-OB-UAT(414)-[(414)Thread-1399]-[111]] FlexiWebSocket - FlexiWebSocket.closeConnection:message LogFire Connection closed
[ERROR] 2026-10-01 05:30:55.415 [SA-OB-UAT(414)-[(414)Thread-1399]-[111]] LogFirePage - class com.intellinum.mia.app.logfire.ui.LogFirePage
java.io.IOException: null
	at com.intellinum.mia.app.logfire.logical.JSCHManager.isConnected(JSCHManager.java:124) ~[FlexiServer.jar:?]
	at com.intellinum.mia.app.logfire.logical.LogFireSSHConnection.isAvailable(LogFireSSHConnection.java:949) ~[FlexiServer.jar:?]
	at com.intellinum.mia.app.logfire.ui.LogFirePage.logFireStatusCheck(LogFirePage.java:3904) ~[FlexiServer.jar:?]
	at com.intellinum.mia.app.runtime.FlexiRuntime.handleLogFireStatusCheck(FlexiRuntime.java:1024) ~[FlexiServer.jar:?]
	at com.intellinum.mia.app.runtime.FlexiRuntime.handleInputData(FlexiRuntime.java:658) ~[FlexiServer.jar:?]
	at com.intellinum.mia.web.WebShell.run(WebShell.java:95) ~[FlexiServer.jar:?]
[INFO ] 2026-10-01 05:30:55.415 [SA-OB-UAT(414)-[(414)Thread-1399]-[111]] WebShell - WebShell.readInputData:BenchmarkData is end of character.
[INFO ] 2026-10-01 05:30:55.415 [SA-OB-UAT(414)-[(414)Thread-1399]-[111]] GlobalTranslation - GlobalTranslation.getTranslations:companyID=-1,language=English,originalValue=SKU
[INFO ] 2026-10-01 05:30:55.415 [SA-OB-UAT(414)-[(414)Thread-1399]-[111]] GlobalTranslation - GlobalTranslation.getTranslations:translatedValue=SKU
[INFO ] 2026-10-01 05:30:55.415 [SA-OB-UAT(414)-[(414)Thread-1399]-[111]] GlobalTranslation - GlobalTranslation.getTranslations:companyID=-1,language=English,originalValue=SKU
[INFO ] 2026-10-01 05:30:55.415 [SA-OB-UAT(414)-[(414)Thread-1399]-[111]] GlobalTranslation - GlobalTranslation.getTranslations:translatedValue=SKU
[TRACE] 2026-10-01 05:30:55.415 [SA-OB-UAT(414)-[(414)Thread-1399]-[111]] WebShell - input data is null, isAlive = false, context = com.intellinum.mia.app.runtime.Context@29a990ba , thread = Thread[SA-OB-UAT(414)-[(414)Thread-1399]-[111],5,main]
[INFO ] 2026-10-01 05:30:55.465 [SA-OB-UAT(414)-[(414)Thread-1399]-[111]] FlexiWebSocket - FlexiWebSocket.closeConnection:message LogFire Connection closed
[ERROR] 2026-10-01 05:30:55.465 [SA-OB-UAT(414)-[(414)Thread-1399]-[111]] LogFirePage - class com.intellinum.mia.app.logfire.ui.LogFirePage
java.io.IOException: null
	at com.intellinum.mia.app.logfire.logical.JSCHManager.isConnected(JSCHManager.java:124) ~[FlexiServer.jar:?]
	at com.intellinum.mia.app.logfire.logical.LogFireSSHConnection.isAvailable(LogFireSSHConnection.java:949) ~[FlexiServer.jar:?]
	at com.intellinum.mia.app.logfire.ui.LogFirePage.logFireStatusCheck(LogFirePage.java:3904) ~[FlexiServer.jar:?]
	at com.intellinum.mia.app.runtime.FlexiRuntime.handleLogFireStatusCheck(FlexiRuntime.java:1024) ~[FlexiServer.jar:?]
	at com.intellinum.mia.app.runtime.FlexiRuntime.handleInputData(FlexiRuntime.java:658) ~[FlexiServer.jar:?]
	at com.intellinum.mia.web.WebShell.run(WebShell.java:95) ~[FlexiServer.jar:?]
[INFO ] 2026-10-01 05:30:55.465 [SA-OB-UAT(414)-[(414)Thread-1399]-[111]] WebShell - WebShell.readInputData:BenchmarkData is end of character.
[INFO ] 2026-10-01 05:30:55.465 [SA-OB-UAT(414)-[(414)Thread-1399]-[111]] GlobalTranslation - GlobalTranslation.getTranslations:companyID=-1,language=English,originalValue=SKU
[INFO ] 2026-10-01 05:30:55.465 [SA-OB-UAT(414)-[(414)Thread-1399]-[111]] GlobalTranslation - GlobalTranslation.getTranslations:translatedValue=SKU
[INFO ] 2026-10-01 05:30:55.465 [SA-OB-UAT(414)-[(414)Thread-1399]-[111]] GlobalTranslation - GlobalTranslation.getTranslations:companyID=-1,language=English,originalValue=SKU
[INFO ] 2026-10-01 05:30:55.465 [SA-OB-UAT(414)-[(414)Thread-1399]-[111]] GlobalTranslation - GlobalTranslation.getTranslations:translatedValue=SKU
[TRACE] 2026-10-01 05:30:55.465 [SA-OB-UAT(414)-[(414)Thread-1399]-[111]] WebShell - input data is null, isAlive = false, context = com.intellinum.mia.app.runtime.Context@29a990ba , thread = Thread[SA-OB-UAT(414)-[(414)Thread-1399]-[111],5,main]
[INFO ] 2026-10-01 05:30:55.515 [SA-OB-UAT(414)-[(414)Thread-1399]-[111]] FlexiWebSocket - FlexiWebSocket.closeConnection:message LogFire Connection closed
[ERROR] 2026-10-01 05:30:55.515 [SA-OB-UAT(414)-[(414)Thread-1399]-[111]] LogFirePage - class com.intellinum.mia.app.logfire.ui.LogFirePage
java.io.IOException: null
	at com.intellinum.mia.app.logfire.logical.JSCHManager.isConnected(JSCHManager.java:124) ~[FlexiServer.jar:?]
	at com.intellinum.mia.app.logfire.logical.LogFireSSHConnection.isAvailable(LogFireSSHConnection.java:949) ~[FlexiServer.jar:?]
	at com.intellinum.mia.app.logfire.ui.LogFirePage.logFireStatusCheck(LogFirePage.java:3904) ~[FlexiServer.jar:?]
	at com.intellinum.mia.app.runtime.FlexiRuntime.handleLogFireStatusCheck(FlexiRuntime.java:1024) ~[FlexiServer.jar:?]
	at com.intellinum.mia.app.runtime.FlexiRuntime.handleInputData(FlexiRuntime.java:658) ~[FlexiServer.jar:?]
	at com.intellinum.mia.web.WebShell.run(WebShell.java:95) ~[FlexiServer.jar:?]
[INFO ] 2026-10-01 05:30:55.515 [SA-OB-UAT(414)-[(414)Thread-1399]-[111]] WebShell - WebShell.readInputData:BenchmarkData is end of character.
[INFO ] 2026-10-01 05:30:55.515 [SA-OB-UAT(414)-[(414)Thread-1399]-[111]] GlobalTranslation - GlobalTranslation.getTranslations:companyID=-1,language=English,originalValue=SKU
[INFO ] 2026-10-01 05:30:55.515 [SA-OB-UAT(414)-[(414)Thread-1399]-[111]] GlobalTranslation - GlobalTranslation.getTranslations:translatedValue=SKU
[INFO ] 2026-10-01 05:30:55.515 [SA-OB-UAT(414)-[(414)Thread-1399]-[111]] GlobalTranslation - GlobalTranslation.getTranslations:companyID=-1,language=English,originalValue=SKU
[INFO ] 2026-10-01 05:30:55.515 [SA-OB-UAT(414)-[(414)Thread-1399]-[111]] GlobalTranslation - GlobalTranslation.getTranslations:translatedValue=SKU
[TRACE] 2026-10-01 05:30:55.515 [SA-OB-UAT(414)-[(414)Thread-1399]-[111]] WebShell - input data is null, isAlive = false, context = com.intellinum.mia.app.runtime.Context@29a990ba , thread = Thread[SA-OB-UAT(414)-[(414)Thread-1399]-[111],5,main]
[INFO ] 2026-10-01 05:30:55.565 [SA-OB-UAT(414)-[(414)Thread-1399]-[111]] FlexiWebSocket - FlexiWebSocket.closeConnection:message LogFire Connection closed
[ERROR] 2026-10-01 05:30:55.565 [SA-OB-UAT(414)-[(414)Thread-1399]-[111]] LogFirePage - class com.intellinum.mia.app.logfire.ui.LogFirePage
java.io.IOException: null
	at com.intellinum.mia.app.logfire.logical.JSCHManager.isConnected(JSCHManager.java:124) ~[FlexiServer.jar:?]
	at com.intellinum.mia.app.logfire.logical.LogFireSSHConnection.isAvailable(LogFireSSHConnection.java:949) ~[FlexiServer.jar:?]
	at com.intellinum.mia.app.logfire.ui.LogFirePage.logFireStatusCheck(LogFirePage.java:3904) ~[FlexiServer.jar:?]
	at com.intellinum.mia.app.runtime.FlexiRuntime.handleLogFireStatusCheck(FlexiRuntime.java:1024) ~[FlexiServer.jar:?]
	at com.intellinum.mia.app.runtime.FlexiRuntime.handleInputData(FlexiRuntime.java:658) ~[FlexiServer.jar:?]
	at com.intellinum.mia.web.WebShell.run(WebShell.java:95) ~[FlexiServer.jar:?]
[INFO ] 2026-10-01 05:30:55.565 [SA-OB-UAT(414)-[(414)Thread-1399]-[111]] WebShell - WebShell.readInputData:BenchmarkData is end of character.
[INFO ] 2026-10-01 05:30:55.565 [SA-OB-UAT(414)-[(414)Thread-1399]-[111]] GlobalTranslation - GlobalTranslation.getTranslations:companyID=-1,language=English,originalValue=SKU
[INFO ] 2026-10-01 05:30:55.565 [SA-OB-UAT(414)-[(414)Thread-1399]-[111]] GlobalTranslation - GlobalTranslation.getTranslations:translatedValue=SKU
[INFO ] 2026-10-01 05:30:55.565 [SA-OB-UAT(414)-[(414)Thread-1399]-[111]] GlobalTranslation - GlobalTranslation.getTranslations:companyID=-1,language=English,originalValue=SKU
[INFO ] 2026-10-01 05:30:55.565 [SA-OB-UAT(414)-[(414)Thread-1399]-[111]] GlobalTranslation - GlobalTranslation.getTranslations:translatedValue=SKU
[TRACE] 2026-10-01 05:30:55.565 [SA-OB-UAT(414)-[(414)Thread-1399]-[111]] WebShell - input data is null, isAlive = false, context = com.intellinum.mia.app.runtime.Context@29a990ba , thread = Thread[SA-OB-UAT(414)-[(414)Thread-1399]-[111],5,main]
[INFO ] 2026-10-01 05:30:55.615 [SA-OB-UAT(414)-[(414)Thread-1399]-[111]] FlexiWebSocket - FlexiWebSocket.closeConnection:message LogFire Connection closed
[ERROR] 2026-10-01 05:30:55.615 [SA-OB-UAT(414)-[(414)Thread-1399]-[111]] LogFirePage - class com.intellinum.mia.app.logfire.ui.LogFirePage
java.io.IOException: null
	at com.intellinum.mia.app.logfire.logical.JSCHManager.isConnected(JSCHManager.java:124) ~[FlexiServer.jar:?]
	at com.intellinum.mia.app.logfire.logical.LogFireSSHConnection.isAvailable(LogFireSSHConnection.java:949) ~[FlexiServer.jar:?]
	at com.intellinum.mia.app.logfire.ui.LogFirePage.logFireStatusCheck(LogFirePage.java:3904) ~[FlexiServer.jar:?]
	at com.intellinum.mia.app.runtime.FlexiRuntime.handleLogFireStatusCheck(FlexiRuntime.java:1024) ~[FlexiServer.jar:?]
	at com.intellinum.mia.app.runtime.FlexiRuntime.handleInputData(FlexiRuntime.java:658) ~[FlexiServer.jar:?]
	at com.intellinum.mia.web.WebShell.run(WebShell.java:95) ~[FlexiServer.jar:?]
[INFO ] 2026-10-01 05:30:55.615 [SA-OB-UAT(414)-[(414)Thread-1399]-[111]] WebShell - WebShell.readInputData:BenchmarkData is end of character.
[INFO ] 2026-10-01 05:30:55.615 [SA-OB-UAT(414)-[(414)Thread-1399]-[111]] GlobalTranslation - GlobalTranslation.getTranslations:companyID=-1,language=English,originalValue=SKU
[INFO ] 2026-10-01 05:30:55.615 [SA-OB-UAT(414)-[(414)Thread-1399]-[111]] GlobalTranslation - GlobalTranslation.getTranslations:translatedValue=SKU
[INFO ] 2026-10-01 05:30:55.615 [SA-OB-UAT(414)-[(414)Thread-1399]-[111]] GlobalTranslation - GlobalTranslation.getTranslations:companyID=-1,language=English,originalValue=SKU
[INFO ] 2026-10-01 05:30:55.615 [SA-OB-UAT(414)-[(414)Thread-1399]-[111]] GlobalTranslation - GlobalTranslation.getTranslations:translatedValue=SKU
[TRACE] 2026-10-01 05:30:55.615 [SA-OB-UAT(414)-[(414)Thread-1399]-[111]] WebShell - input data is null, isAlive = false, context = com.intellinum.mia.app.runtime.Context@29a990ba , thread = Thread[SA-OB-UAT(414)-[(414)Thread-1399]-[111],5,main]
[INFO ] 2026-10-01 05:30:55.665 [SA-OB-UAT(414)-[(414)Thread-1399]-[111]] FlexiWebSocket - FlexiWebSocket.closeConnection:message LogFire Connection closed
[ERROR] 2026-10-01 05:30:55.665 [SA-OB-UAT(414)-[(414)Thread-1399]-[111]] LogFirePage - class com.intellinum.mia.app.logfire.ui.LogFirePage
java.io.IOException: null
	at com.intellinum.mia.app.logfire.logical.JSCHManager.isConnected(JSCHManager.java:124) ~[FlexiServer.jar:?]
	at com.intellinum.mia.app.logfire.logical.LogFireSSHConnection.isAvailable(LogFireSSHConnection.java:949) ~[FlexiServer.jar:?]
	at com.intellinum.mia.app.logfire.ui.LogFirePage.logFireStatusCheck(LogFirePage.java:3904) ~[FlexiServer.jar:?]
	at com.intellinum.mia.app.runtime.FlexiRuntime.handleLogFireStatusCheck(FlexiRuntime.java:1024) ~[FlexiServer.jar:?]
	at com.intellinum.mia.app.runtime.FlexiRuntime.handleInputData(FlexiRuntime.java:658) ~[FlexiServer.jar:?]
	at com.intellinum.mia.web.WebShell.run(WebShell.java:95) ~[FlexiServer.jar:?]
[INFO ] 2026-10-01 05:30:55.665 [SA-OB-UAT(414)-[(414)Thread-1399]-[111]] WebShell - WebShell.readInputData:BenchmarkData is end of character.
[INFO ] 2026-10-01 05:30:55.665 [SA-OB-UAT(414)-[(414)Thread-1399]-[111]] GlobalTranslation - GlobalTranslation.getTranslations:companyID=-1,language=English,originalValue=SKU
[INFO ] 2026-10-01 05:30:55.665 [SA-OB-UAT(414)-[(414)Thread-1399]-[111]] GlobalTranslation - GlobalTranslation.getTranslations:translatedValue=SKU
[INFO ] 2026-10-01 05:30:55.665 [SA-OB-UAT(414)-[(414)Thread-1399]-[111]] GlobalTranslation - GlobalTranslation.getTranslations:companyID=-1,language=English,originalValue=SKU
[INFO ] 2026-10-01 05:30:55.665 [SA-OB-UAT(414)-[(414)Thread-1399]-[111]] GlobalTranslation - GlobalTranslation.getTranslations:translatedValue=SKU
[TRACE] 2026-10-01 05:30:55.665 [SA-OB-UAT(414)-[(414)Thread-1399]-[111]] WebShell - input data is null, isAlive = false, context = com.intellinum.mia.app.runtime.Context@29a990ba , thread = Thread[SA-OB-UAT(414)-[(414)Thread-1399]-[111],5,main]
[INFO ] 2026-10-01 05:30:55.715 [SA-OB-UAT(414)-[(414)Thread-1399]-[111]] FlexiWebSocket - FlexiWebSocket.closeConnection:message LogFire Connection closed
[ERROR] 2026-10-01 05:30:55.715 [SA-OB-UAT(414)-[(414)Thread-1399]-[111]] LogFirePage - class com.intellinum.mia.app.logfire.ui.LogFirePage
java.io.IOException: null
	at com.intellinum.mia.app.logfire.logical.JSCHManager.isConnected(JSCHManager.java:124) ~[FlexiServer.jar:?]
	at com.intellinum.mia.app.logfire.logical.LogFireSSHConnection.isAvailable(LogFireSSHConnection.java:949) ~[FlexiServer.jar:?]
	at com.intellinum.mia.app.logfire.ui.LogFirePage.logFireStatusCheck(LogFirePage.java:3904) ~[FlexiServer.jar:?]
	at com.intellinum.mia.app.runtime.FlexiRuntime.handleLogFireStatusCheck(FlexiRuntime.java:1024) ~[FlexiServer.jar:?]
	at com.intellinum.mia.app.runtime.FlexiRuntime.handleInputData(FlexiRuntime.java:658) ~[FlexiServer.jar:?]
	at com.intellinum.mia.web.WebShell.run(WebShell.java:95) ~[FlexiServer.jar:?]
[INFO ] 2026-10-01 05:30:55.715 [SA-OB-UAT(414)-[(414)Thread-1399]-[111]] WebShell - WebShell.readInputData:BenchmarkData is end of character.
[INFO ] 2026-10-01 05:30:55.715 [SA-OB-UAT(414)-[(414)Thread-1399]-[111]] GlobalTranslation - GlobalTranslation.getTranslations:companyID=-1,language=English,originalValue=SKU
[INFO ] 2026-10-01 05:30:55.715 [SA-OB-UAT(414)-[(414)Thread-1399]-[111]] GlobalTranslation - GlobalTranslation.getTranslations:translatedValue=SKU
[INFO ] 2026-10-01 05:30:55.715 [SA-OB-UAT(414)-[(414)Thread-1399]-[111]] GlobalTranslation - GlobalTranslation.getTranslations:companyID=-1,language=English,originalValue=SKU
[INFO ] 2026-10-01 05:30:55.715 [SA-OB-UAT(414)-[(414)Thread-1399]-[111]] GlobalTranslation - GlobalTranslation.getTranslations:translatedValue=SKU
[TRACE] 2026-10-01 05:30:55.715 [SA-OB-UAT(414)-[(414)Thread-1399]-[111]] WebShell - input data is null, isAlive = false, context = com.intellinum.mia.app.runtime.Context@29a990ba , thread = Thread[SA-OB-UAT(414)-[(414)Thread-1399]-[111],5,main]
[INFO ] 2026-10-01 05:30:55.765 [SA-OB-UAT(414)-[(414)Thread-1399]-[111]] FlexiWebSocket - FlexiWebSocket.closeConnection:message LogFire Connection closed
[ERROR] 2026-10-01 05:30:55.765 [SA-OB-UAT(414)-[(414)Thread-1399]-[111]] LogFirePage - class com.intellinum.mia.app.logfire.ui.LogFirePage
java.io.IOException: null
	at com.intellinum.mia.app.logfire.logical.JSCHManager.isConnected(JSCHManager.java:124) ~[FlexiServer.jar:?]
	at com.intellinum.mia.app.logfire.logical.LogFireSSHConnection.isAvailable(LogFireSSHConnection.java:949) ~[FlexiServer.jar:?]
	at com.intellinum.mia.app.logfire.ui.LogFirePage.logFireStatusCheck(LogFirePage.java:3904) ~[FlexiServer.jar:?]
	at com.intellinum.mia.app.runtime.FlexiRuntime.handleLogFireStatusCheck(FlexiRuntime.java:1024) ~[FlexiServer.jar:?]
	at com.intellinum.mia.app.runtime.FlexiRuntime.handleInputData(FlexiRuntime.java:658) ~[FlexiServer.jar:?]
	at com.intellinum.mia.web.WebShell.run(WebShell.java:95) ~[FlexiServer.jar:?]
[INFO ] 2026-10-01 05:30:55.765 [SA-OB-UAT(414)-[(414)Thread-1399]-[111]] WebShell - WebShell.readInputData:BenchmarkData is end of character.
[INFO ] 2026-10-01 05:30:55.765 [SA-OB-UAT(414)-[(414)Thread-1399]-[111]] GlobalTranslation - GlobalTranslation.getTranslations:companyID=-1,language=English,originalValue=SKU
[INFO ] 2026-10-01 05:30:55.765 [SA-OB-UAT(414)-[(414)Thread-1399]-[111]] GlobalTranslation - GlobalTranslation.getTranslations:translatedValue=SKU
[INFO ] 2026-10-01 05:30:55.765 [SA-OB-UAT(414)-[(414)Thread-1399]-[111]] GlobalTranslation - GlobalTranslation.getTranslations:companyID=-1,language=English,originalValue=SKU
[INFO ] 2026-10-01 05:30:55.765 [SA-OB-UAT(414)-[(414)Thread-1399]-[111]] GlobalTranslation - GlobalTranslation.getTranslations:translatedValue=SKU
[TRACE] 2026-10-01 05:30:55.765 [SA-OB-UAT(414)-[(414)Thread-1399]-[111]] WebShell - input data is null, isAlive = false, context = com.intellinum.mia.app.runtime.Context@29a990ba , thread = Thread[SA-OB-UAT(414)-[(414)Thread-1399]-[111],5,main]
[INFO ] 2026-10-01 05:30:55.815 [SA-OB-UAT(414)-[(414)Thread-1399]-[111]] FlexiWebSocket - FlexiWebSocket.closeConnection:message LogFire Connection closed
[ERROR] 2026-10-01 05:30:55.815 [SA-OB-UAT(414)-[(414)Thread-1399]-[111]] LogFirePage - class com.intellinum.mia.app.logfire.ui.LogFirePage
java.io.IOException: null
	at com.intellinum.mia.app.logfire.logical.JSCHManager.isConnected(JSCHManager.java:124) ~[FlexiServer.jar:?]
	at com.intellinum.mia.app.logfire.logical.LogFireSSHConnection.isAvailable(LogFireSSHConnection.java:949) ~[FlexiServer.jar:?]
	at com.intellinum.mia.app.logfire.ui.LogFirePage.logFireStatusCheck(LogFirePage.java:3904) ~[FlexiServer.jar:?]
	at com.intellinum.mia.app.runtime.FlexiRuntime.handleLogFireStatusCheck(FlexiRuntime.java:1024) ~[FlexiServer.jar:?]
	at com.intellinum.mia.app.runtime.FlexiRuntime.handleInputData(FlexiRuntime.java:658) ~[FlexiServer.jar:?]
	at com.intellinum.mia.web.WebShell.run(WebShell.java:95) ~[FlexiServer.jar:?]
[INFO ] 2026-10-01 05:30:55.815 [SA-OB-UAT(414)-[(414)Thread-1399]-[111]] WebShell - WebShell.readInputData:BenchmarkData is end of character.
[INFO ] 2026-10-01 05:30:55.815 [SA-OB-UAT(414)-[(414)Thread-1399]-[111]] GlobalTranslation - GlobalTranslation.getTranslations:companyID=-1,language=English,originalValue=SKU
[INFO ] 2026-10-01 05:30:55.815 [SA-OB-UAT(414)-[(414)Thread-1399]-[111]] GlobalTranslation - GlobalTranslation.getTranslations:translatedValue=SKU
[INFO ] 2026-10-01 05:30:55.815 [SA-OB-UAT(414)-[(414)Thread-1399]-[111]] GlobalTranslation - GlobalTranslation.getTranslations:companyID=-1,language=English,originalValue=SKU
[INFO ] 2026-10-01 05:30:55.815 [SA-OB-UAT(414)-[(414)Thread-1399]-[111]] GlobalTranslation - GlobalTranslation.getTranslations:translatedValue=SKU
[TRACE] 2026-10-01 05:30:55.815 [SA-OB-UAT(414)-[(414)Thread-1399]-[111]] WebShell - input data is null, isAlive = false, context = com.intellinum.mia.app.runtime.Context@29a990ba , thread = Thread[SA-OB-UAT(414)-[(414)Thread-1399]-[111],5,main]
[INFO ] 2026-10-01 05:30:55.865 [SA-OB-UAT(414)-[(414)Thread-1399]-[111]] FlexiWebSocket - FlexiWebSocket.closeConnection:message LogFire Connection closed
[ERROR] 2026-10-01 05:30:55.865 [SA-OB-UAT(414)-[(414)Thread-1399]-[111]] LogFirePage - class com.intellinum.mia.app.logfire.ui.LogFirePage
java.io.IOException: null
	at com.intellinum.mia.app.logfire.logical.JSCHManager.isConnected(JSCHManager.java:124) ~[FlexiServer.jar:?]
	at com.intellinum.mia.app.logfire.logical.LogFireSSHConnection.isAvailable(LogFireSSHConnection.java:949) ~[FlexiServer.jar:?]
	at com.intellinum.mia.app.logfire.ui.LogFirePage.logFireStatusCheck(LogFirePage.java:3904) ~[FlexiServer.jar:?]
	at com.intellinum.mia.app.runtime.FlexiRuntime.handleLogFireStatusCheck(FlexiRuntime.java:1024) ~[FlexiServer.jar:?]
	at com.intellinum.mia.app.runtime.FlexiRuntime.handleInputData(FlexiRuntime.java:658) ~[FlexiServer.jar:?]
	at com.intellinum.mia.web.WebShell.run(WebShell.java:95) ~[FlexiServer.jar:?]
[INFO ] 2026-10-01 05:30:55.866 [SA-OB-UAT(414)-[(414)Thread-1399]-[111]] WebShell - WebShell.readInputData:BenchmarkData is end of character.
[INFO ] 2026-10-01 05:30:55.866 [SA-OB-UAT(414)-[(414)Thread-1399]-[111]] GlobalTranslation - GlobalTranslation.getTranslations:companyID=-1,language=English,originalValue=SKU
[INFO ] 2026-10-01 05:30:55.866 [SA-OB-UAT(414)-[(414)Thread-1399]-[111]] GlobalTranslation - GlobalTranslation.getTranslations:translatedValue=SKU
[INFO ] 2026-10-01 05:30:55.866 [SA-OB-UAT(414)-[(414)Thread-1399]-[111]] GlobalTranslation - GlobalTranslation.getTranslations:companyID=-1,language=English,originalValue=SKU
[INFO ] 2026-10-01 05:30:55.866 [SA-OB-UAT(414)-[(414)Thread-1399]-[111]] GlobalTranslation - GlobalTranslation.getTranslations:translatedValue=SKU
[TRACE] 2026-10-01 05:30:55.866 [SA-OB-UAT(414)-[(414)Thread-1399]-[111]] WebShell - input data is null, isAlive = false, context = com.intellinum.mia.app.runtime.Context@29a990ba , thread = Thread[SA-OB-UAT(414)-[(414)Thread-1399]-[111],5,main]
[INFO ] 2026-10-01 05:30:55.916 [SA-OB-UAT(414)-[(414)Thread-1399]-[111]] FlexiWebSocket - FlexiWebSocket.closeConnection:message LogFire Connection closed
[ERROR] 2026-10-01 05:30:55.916 [SA-OB-UAT(414)-[(414)Thread-1399]-[111]] LogFirePage - class com.intellinum.mia.app.logfire.ui.LogFirePage
java.io.IOException: null
	at com.intellinum.mia.app.logfire.logical.JSCHManager.isConnected(JSCHManager.java:124) ~[FlexiServer.jar:?]
	at com.intellinum.mia.app.logfire.logical.LogFireSSHConnection.isAvailable(LogFireSSHConnection.java:949) ~[FlexiServer.jar:?]
	at com.intellinum.mia.app.logfire.ui.LogFirePage.logFireStatusCheck(LogFirePage.java:3904) ~[FlexiServer.jar:?]
	at com.intellinum.mia.app.runtime.FlexiRuntime.handleLogFireStatusCheck(FlexiRuntime.java:1024) ~[FlexiServer.jar:?]
	at com.intellinum.mia.app.runtime.FlexiRuntime.handleInputData(FlexiRuntime.java:658) ~[FlexiServer.jar:?]
	at com.intellinum.mia.web.WebShell.run(WebShell.java:95) ~[FlexiServer.jar:?]
[INFO ] 2026-10-01 05:30:55.916 [SA-OB-UAT(414)-[(414)Thread-1399]-[111]] WebShell - WebShell.readInputData:BenchmarkData is end of character.
[INFO ] 2026-10-01 05:30:55.916 [SA-OB-UAT(414)-[(414)Thread-1399]-[111]] GlobalTranslation - GlobalTranslation.getTranslations:companyID=-1,language=English,originalValue=SKU
[INFO ] 2026-10-01 05:30:55.916 [SA-OB-UAT(414)-[(414)Thread-1399]-[111]] GlobalTranslation - GlobalTranslation.getTranslations:translatedValue=SKU
[INFO ] 2026-10-01 05:30:55.916 [SA-OB-UAT(414)-[(414)Thread-1399]-[111]] GlobalTranslation - GlobalTranslation.getTranslations:companyID=-1,language=English,originalValue=SKU
[INFO ] 2026-10-01 05:30:55.916 [SA-OB-UAT(414)-[(414)Thread-1399]-[111]] GlobalTranslation - GlobalTranslation.getTranslations:translatedValue=SKU
[TRACE] 2026-10-01 05:30:55.916 [SA-OB-UAT(414)-[(414)Thread-1399]-[111]] WebShell - input data is null, isAlive = false, context = com.intellinum.mia.app.runtime.Context@29a990ba , thread = Thread[SA-OB-UAT(414)-[(414)Thread-1399]-[111],5,main]
[INFO ] 2026-10-01 05:30:55.966 [SA-OB-UAT(414)-[(414)Thread-1399]-[111]] FlexiWebSocket - FlexiWebSocket.closeConnection:message LogFire Connection closed
[ERROR] 2026-10-01 05:30:55.966 [SA-OB-UAT(414)-[(414)Thread-1399]-[111]] LogFirePage - class com.intellinum.mia.app.logfire.ui.LogFirePage
java.io.IOException: null
	at com.intellinum.mia.app.logfire.logical.JSCHManager.isConnected(JSCHManager.java:124) ~[FlexiServer.jar:?]
	at com.intellinum.mia.app.logfire.logical.LogFireSSHConnection.isAvailable(LogFireSSHConnection.java:949) ~[FlexiServer.jar:?]
	at com.intellinum.mia.app.logfire.ui.LogFirePage.logFireStatusCheck(LogFirePage.java:3904) ~[FlexiServer.jar:?]
	at com.intellinum.mia.app.runtime.FlexiRuntime.handleLogFireStatusCheck(FlexiRuntime.java:1024) ~[FlexiServer.jar:?]
	at com.intellinum.mia.app.runtime.FlexiRuntime.handleInputData(FlexiRuntime.java:658) ~[FlexiServer.jar:?]
	at com.intellinum.mia.web.WebShell.run(WebShell.java:95) ~[FlexiServer.jar:?]
[INFO ] 2026-10-01 05:30:55.966 [SA-OB-UAT(414)-[(414)Thread-1399]-[111]] WebShell - WebShell.readInputData:BenchmarkData is end of character.
[INFO ] 2026-10-01 05:30:55.966 [SA-OB-UAT(414)-[(414)Thread-1399]-[111]] GlobalTranslation - GlobalTranslation.getTranslations:companyID=-1,language=English,originalValue=SKU
[INFO ] 2026-10-01 05:30:55.966 [SA-OB-UAT(414)-[(414)Thread-1399]-[111]] GlobalTranslation - GlobalTranslation.getTranslations:translatedValue=SKU
[INFO ] 2026-10-01 05:30:55.966 [SA-OB-UAT(414)-[(414)Thread-1399]-[111]] GlobalTranslation - GlobalTranslation.getTranslations:companyID=-1,language=English,originalValue=SKU
[INFO ] 2026-10-01 05:30:55.966 [SA-OB-UAT(414)-[(414)Thread-1399]-[111]] GlobalTranslation - GlobalTranslation.getTranslations:translatedValue=SKU
[TRACE] 2026-10-01 05:30:55.966 [SA-OB-UAT(414)-[(414)Thread-1399]-[111]] WebShell - input data is null, isAlive = false, context = com.intellinum.mia.app.runtime.Context@29a990ba , thread = Thread[SA-OB-UAT(414)-[(414)Thread-1399]-[111],5,main]
[INFO ] 2026-10-01 05:30:56.016 [SA-OB-UAT(414)-[(414)Thread-1399]-[111]] FlexiWebSocket - FlexiWebSocket.closeConnection:message LogFire Connection closed
[ERROR] 2026-10-01 05:30:56.016 [SA-OB-UAT(414)-[(414)Thread-1399]-[111]] LogFirePage - class com.intellinum.mia.app.logfire.ui.LogFirePage
java.io.IOException: null
	at com.intellinum.mia.app.logfire.logical.JSCHManager.isConnected(JSCHManager.java:124) ~[FlexiServer.jar:?]
	at com.intellinum.mia.app.logfire.logical.LogFireSSHConnection.isAvailable(LogFireSSHConnection.java:949) ~[FlexiServer.jar:?]
	at com.intellinum.mia.app.logfire.ui.LogFirePage.logFireStatusCheck(LogFirePage.java:3904) ~[FlexiServer.jar:?]
	at com.intellinum.mia.app.runtime.FlexiRuntime.handleLogFireStatusCheck(FlexiRuntime.java:1024) ~[FlexiServer.jar:?]
	at com.intellinum.mia.app.runtime.FlexiRuntime.handleInputData(FlexiRuntime.java:658) ~[FlexiServer.jar:?]
	at com.intellinum.mia.web.WebShell.run(WebShell.java:95) ~[FlexiServer.jar:?]
[INFO ] 2026-10-01 05:30:56.016 [SA-OB-UAT(414)-[(414)Thread-1399]-[111]] WebShell - WebShell.readInputData:BenchmarkData is end of character.
[INFO ] 2026-10-01 05:30:56.016 [SA-OB-UAT(414)-[(414)Thread-1399]-[111]] GlobalTranslation - GlobalTranslation.getTranslations:companyID=-1,language=English,originalValue=SKU
[INFO ] 2026-10-01 05:30:56.016 [SA-OB-UAT(414)-[(414)Thread-1399]-[111]] GlobalTranslation - GlobalTranslation.getTranslations:translatedValue=SKU
[INFO ] 2026-10-01 05:30:56.016 [SA-OB-UAT(414)-[(414)Thread-1399]-[111]] GlobalTranslation - GlobalTranslation.getTranslations:companyID=-1,language=English,originalValue=SKU
[INFO ] 2026-10-01 05:30:56.016 [SA-OB-UAT(414)-[(414)Thread-1399]-[111]] GlobalTranslation - GlobalTranslation.getTranslations:translatedValue=SKU
[TRACE] 2026-10-01 05:30:56.016 [SA-OB-UAT(414)-[(414)Thread-1399]-[111]] WebShell - input data is null, isAlive = false, context = com.intellinum.mia.app.runtime.Context@29a990ba , thread = Thread[SA-OB-UAT(414)-[(414)Thread-1399]-[111],5,main]
[INFO ] 2026-10-01 05:30:56.066 [SA-OB-UAT(414)-[(414)Thread-1399]-[111]] FlexiWebSocket - FlexiWebSocket.closeConnection:message LogFire Connection closed
[ERROR] 2026-10-01 05:30:56.066 [SA-OB-UAT(414)-[(414)Thread-1399]-[111]] LogFirePage - class com.intellinum.mia.app.logfire.ui.LogFirePage
java.io.IOException: null
	at com.intellinum.mia.app.logfire.logical.JSCHManager.isConnected(JSCHManager.java:124) ~[FlexiServer.jar:?]
	at com.intellinum.mia.app.logfire.logical.LogFireSSHConnection.isAvailable(LogFireSSHConnection.java:949) ~[FlexiServer.jar:?]
	at com.intellinum.mia.app.logfire.ui.LogFirePage.logFireStatusCheck(LogFirePage.java:3904) ~[FlexiServer.jar:?]
	at com.intellinum.mia.app.runtime.FlexiRuntime.handleLogFireStatusCheck(FlexiRuntime.java:1024) ~[FlexiServer.jar:?]
	at com.intellinum.mia.app.runtime.FlexiRuntime.handleInputData(FlexiRuntime.java:658) ~[FlexiServer.jar:?]
	at com.intellinum.mia.web.WebShell.run(WebShell.java:95) ~[FlexiServer.jar:?]
[INFO ] 2026-10-01 05:30:56.066 [SA-OB-UAT(414)-[(414)Thread-1399]-[111]] WebShell - WebShell.readInputData:BenchmarkData is end of character.
[INFO ] 2026-10-01 05:30:56.066 [SA-OB-UAT(414)-[(414)Thread-1399]-[111]] GlobalTranslation - GlobalTranslation.getTranslations:companyID=-1,language=English,originalValue=SKU
[INFO ] 2026-10-01 05:30:56.066 [SA-OB-UAT(414)-[(414)Thread-1399]-[111]] GlobalTranslation - GlobalTranslation.getTranslations:translatedValue=SKU
[INFO ] 2026-10-01 05:30:56.066 [SA-OB-UAT(414)-[(414)Thread-1399]-[111]] GlobalTranslation - GlobalTranslation.getTranslations:companyID=-1,language=English,originalValue=SKU
[INFO ] 2026-10-01 05:30:56.066 [SA-OB-UAT(414)-[(414)Thread-1399]-[111]] GlobalTranslation - GlobalTranslation.getTranslations:translatedValue=SKU
[TRACE] 2026-10-01 05:30:56.066 [SA-OB-UAT(414)-[(414)Thread-1399]-[111]] WebShell - input data is null, isAlive = false, context = com.intellinum.mia.app.runtime.Context@29a990ba , thread = Thread[SA-OB-UAT(414)-[(414)Thread-1399]-[111],5,main]
[INFO ] 2026-10-01 05:30:56.116 [SA-OB-UAT(414)-[(414)Thread-1399]-[111]] FlexiWebSocket - FlexiWebSocket.closeConnection:message LogFire Connection closed
[ERROR] 2026-10-01 05:30:56.116 [SA-OB-UAT(414)-[(414)Thread-1399]-[111]] LogFirePage - class com.intellinum.mia.app.logfire.ui.LogFirePage
java.io.IOException: null
	at com.intellinum.mia.app.logfire.logical.JSCHManager.isConnected(JSCHManager.java:124) ~[FlexiServer.jar:?]
	at com.intellinum.mia.app.logfire.logical.LogFireSSHConnection.isAvailable(LogFireSSHConnection.java:949) ~[FlexiServer.jar:?]
	at com.intellinum.mia.app.logfire.ui.LogFirePage.logFireStatusCheck(LogFirePage.java:3904) ~[FlexiServer.jar:?]
	at com.intellinum.mia.app.runtime.FlexiRuntime.handleLogFireStatusCheck(FlexiRuntime.java:1024) ~[FlexiServer.jar:?]
	at com.intellinum.mia.app.runtime.FlexiRuntime.handleInputData(FlexiRuntime.java:658) ~[FlexiServer.jar:?]
	at com.intellinum.mia.web.WebShell.run(WebShell.java:95) ~[FlexiServer.jar:?]
[INFO ] 2026-10-01 05:30:56.116 [SA-OB-UAT(414)-[(414)Thread-1399]-[111]] WebShell - WebShell.readInputData:BenchmarkData is end of character.
[INFO ] 2026-10-01 05:30:56.116 [SA-OB-UAT(414)-[(414)Thread-1399]-[111]] GlobalTranslation - GlobalTranslation.getTranslations:companyID=-1,language=English,originalValue=SKU
[INFO ] 2026-10-01 05:30:56.116 [SA-OB-UAT(414)-[(414)Thread-1399]-[111]] GlobalTranslation - GlobalTranslation.getTranslations:translatedValue=SKU
[INFO ] 2026-10-01 05:30:56.116 [SA-OB-UAT(414)-[(414)Thread-1399]-[111]] GlobalTranslation - GlobalTranslation.getTranslations:companyID=-1,language=English,originalValue=SKU
[INFO ] 2026-10-01 05:30:56.116 [SA-OB-UAT(414)-[(414)Thread-1399]-[111]] GlobalTranslation - GlobalTranslation.getTranslations:translatedValue=SKU
[TRACE] 2026-10-01 05:30:56.116 [SA-OB-UAT(414)-[(414)Thread-1399]-[111]] WebShell - input data is null, isAlive = false, context = com.intellinum.mia.app.runtime.Context@29a990ba , thread = Thread[SA-OB-UAT(414)-[(414)Thread-1399]-[111],5,main]
[INFO ] 2026-10-01 05:30:56.166 [SA-OB-UAT(414)-[(414)Thread-1399]-[111]] FlexiWebSocket - FlexiWebSocket.closeConnection:message LogFire Connection closed
[ERROR] 2026-10-01 05:30:56.166 [SA-OB-UAT(414)-[(414)Thread-1399]-[111]] LogFirePage - class com.intellinum.mia.app.logfire.ui.LogFirePage
java.io.IOException: null
	at com.intellinum.mia.app.logfire.logical.JSCHManager.isConnected(JSCHManager.java:124) ~[FlexiServer.jar:?]
	at com.intellinum.mia.app.logfire.logical.LogFireSSHConnection.isAvailable(LogFireSSHConnection.java:949) ~[FlexiServer.jar:?]
	at com.intellinum.mia.app.logfire.ui.LogFirePage.logFireStatusCheck(LogFirePage.java:3904) ~[FlexiServer.jar:?]
	at com.intellinum.mia.app.runtime.FlexiRuntime.handleLogFireStatusCheck(FlexiRuntime.java:1024) ~[FlexiServer.jar:?]
	at com.intellinum.mia.app.runtime.FlexiRuntime.handleInputData(FlexiRuntime.java:658) ~[FlexiServer.jar:?]
	at com.intellinum.mia.web.WebShell.run(WebShell.java:95) ~[FlexiServer.jar:?]
[INFO ] 2026-10-01 05:30:56.166 [SA-OB-UAT(414)-[(414)Thread-1399]-[111]] WebShell - WebShell.readInputData:BenchmarkData is end of character.
[INFO ] 2026-10-01 05:30:56.166 [SA-OB-UAT(414)-[(414)Thread-1399]-[111]] GlobalTranslation - GlobalTranslation.getTranslations:companyID=-1,language=English,originalValue=SKU
[INFO ] 2026-10-01 05:30:56.166 [SA-OB-UAT(414)-[(414)Thread-1399]-[111]] GlobalTranslation - GlobalTranslation.getTranslations:translatedValue=SKU
[INFO ] 2026-10-01 05:30:56.166 [SA-OB-UAT(414)-[(414)Thread-1399]-[111]] GlobalTranslation - GlobalTranslation.getTranslations:companyID=-1,language=English,originalValue=SKU
[INFO ] 2026-10-01 05:30:56.166 [SA-OB-UAT(414)-[(414)Thread-1399]-[111]] GlobalTranslation - GlobalTranslation.getTranslations:translatedValue=SKU
[TRACE] 2026-10-01 05:30:56.166 [SA-OB-UAT(414)-[(414)Thread-1399]-[111]] WebShell - input data is null, isAlive = false, context = com.intellinum.mia.app.runtime.Context@29a990ba , thread = Thread[SA-OB-UAT(414)-[(414)Thread-1399]-[111],5,main]
[INFO ] 2026-10-01 05:30:56.216 [SA-OB-UAT(414)-[(414)Thread-1399]-[111]] FlexiWebSocket - FlexiWebSocket.closeConnection:message LogFire Connection closed
[ERROR] 2026-10-01 05:30:56.216 [SA-OB-UAT(414)-[(414)Thread-1399]-[111]] LogFirePage - class com.intellinum.mia.app.logfire.ui.LogFirePage
java.io.IOException: null
	at com.intellinum.mia.app.logfire.logical.JSCHManager.isConnected(JSCHManager.java:124) ~[FlexiServer.jar:?]
	at com.intellinum.mia.app.logfire.logical.LogFireSSHConnection.isAvailable(LogFireSSHConnection.java:949) ~[FlexiServer.jar:?]
	at com.intellinum.mia.app.logfire.ui.LogFirePage.logFireStatusCheck(LogFirePage.java:3904) ~[FlexiServer.jar:?]
	at com.intellinum.mia.app.runtime.FlexiRuntime.handleLogFireStatusCheck(FlexiRuntime.java:1024) ~[FlexiServer.jar:?]
	at com.intellinum.mia.app.runtime.FlexiRuntime.handleInputData(FlexiRuntime.java:658) ~[FlexiServer.jar:?]
	at com.intellinum.mia.web.WebShell.run(WebShell.java:95) ~[FlexiServer.jar:?]
[INFO ] 2026-10-01 05:30:56.216 [SA-OB-UAT(414)-[(414)Thread-1399]-[111]] WebShell - WebShell.readInputData:BenchmarkData is end of character.
[INFO ] 2026-10-01 05:30:56.216 [SA-OB-UAT(414)-[(414)Thread-1399]-[111]] GlobalTranslation - GlobalTranslation.getTranslations:companyID=-1,language=English,originalValue=SKU
[INFO ] 2026-10-01 05:30:56.216 [SA-OB-UAT(414)-[(414)Thread-1399]-[111]] GlobalTranslation - GlobalTranslation.getTranslations:translatedValue=SKU
[INFO ] 2026-10-01 05:30:56.216 [SA-OB-UAT(414)-[(414)Thread-1399]-[111]] GlobalTranslation - GlobalTranslation.getTranslations:companyID=-1,language=English,originalValue=SKU
[INFO ] 2026-10-01 05:30:56.216 [SA-OB-UAT(414)-[(414)Thread-1399]-[111]] GlobalTranslation - GlobalTranslation.getTranslations:translatedValue=SKU
[TRACE] 2026-10-01 05:30:56.216 [SA-OB-UAT(414)-[(414)Thread-1399]-[111]] WebShell - input data is null, isAlive = false, context = com.intellinum.mia.app.runtime.Context@29a990ba , thread = Thread[SA-OB-UAT(414)-[(414)Thread-1399]-[111],5,main]
[INFO ] 2026-10-01 05:30:56.266 [SA-OB-UAT(414)-[(414)Thread-1399]-[111]] FlexiWebSocket - FlexiWebSocket.closeConnection:message LogFire Connection closed
[ERROR] 2026-10-01 05:30:56.266 [SA-OB-UAT(414)-[(414)Thread-1399]-[111]] LogFirePage - class com.intellinum.mia.app.logfire.ui.LogFirePage
java.io.IOException: null
	at com.intellinum.mia.app.logfire.logical.JSCHManager.isConnected(JSCHManager.java:124) ~[FlexiServer.jar:?]
	at com.intellinum.mia.app.logfire.logical.LogFireSSHConnection.isAvailable(LogFireSSHConnection.java:949) ~[FlexiServer.jar:?]
	at com.intellinum.mia.app.logfire.ui.LogFirePage.logFireStatusCheck(LogFirePage.java:3904) ~[FlexiServer.jar:?]
	at com.intellinum.mia.app.runtime.FlexiRuntime.handleLogFireStatusCheck(FlexiRuntime.java:1024) ~[FlexiServer.jar:?]
	at com.intellinum.mia.app.runtime.FlexiRuntime.handleInputData(FlexiRuntime.java:658) ~[FlexiServer.jar:?]
	at com.intellinum.mia.web.WebShell.run(WebShell.java:95) ~[FlexiServer.jar:?]
[INFO ] 2026-10-01 05:30:56.266 [SA-OB-UAT(414)-[(414)Thread-1399]-[111]] WebShell - WebShell.readInputData:BenchmarkData is end of character.
[INFO ] 2026-10-01 05:30:56.266 [SA-OB-UAT(414)-[(414)Thread-1399]-[111]] GlobalTranslation - GlobalTranslation.getTranslations:companyID=-1,language=English,originalValue=SKU
[INFO ] 2026-10-01 05:30:56.266 [SA-OB-UAT(414)-[(414)Thread-1399]-[111]] GlobalTranslation - GlobalTranslation.getTranslations:translatedValue=SKU
[INFO ] 2026-10-01 05:30:56.266 [SA-OB-UAT(414)-[(414)Thread-1399]-[111]] GlobalTranslation - GlobalTranslation.getTranslations:companyID=-1,language=English,originalValue=SKU
[INFO ] 2026-10-01 05:30:56.266 [SA-OB-UAT(414)-[(414)Thread-1399]-[111]] GlobalTranslation - GlobalTranslation.getTranslations:translatedValue=SKU
[TRACE] 2026-10-01 05:30:56.266 [SA-OB-UAT(414)-[(414)Thread-1399]-[111]] WebShell - input data is null, isAlive = false, context = com.intellinum.mia.app.runtime.Context@29a990ba , thread = Thread[SA-OB-UAT(414)-[(414)Thread-1399]-[111],5,main]
[INFO ] 2026-10-01 05:30:56.316 [SA-OB-UAT(414)-[(414)Thread-1399]-[111]] FlexiWebSocket - FlexiWebSocket.closeConnection:message LogFire Connection closed
[ERROR] 2026-10-01 05:30:56.316 [SA-OB-UAT(414)-[(414)Thread-1399]-[111]] LogFirePage - class com.intellinum.mia.app.logfire.ui.LogFirePage
java.io.IOException: null
	at com.intellinum.mia.app.logfire.logical.JSCHManager.isConnected(JSCHManager.java:124) ~[FlexiServer.jar:?]
	at com.intellinum.mia.app.logfire.logical.LogFireSSHConnection.isAvailable(LogFireSSHConnection.java:949) ~[FlexiServer.jar:?]
	at com.intellinum.mia.app.logfire.ui.LogFirePage.logFireStatusCheck(LogFirePage.java:3904) ~[FlexiServer.jar:?]
	at com.intellinum.mia.app.runtime.FlexiRuntime.handleLogFireStatusCheck(FlexiRuntime.java:1024) ~[FlexiServer.jar:?]
	at com.intellinum.mia.app.runtime.FlexiRuntime.handleInputData(FlexiRuntime.java:658) ~[FlexiServer.jar:?]
	at com.intellinum.mia.web.WebShell.run(WebShell.java:95) ~[FlexiServer.jar:?]
[INFO ] 2026-10-01 05:30:56.316 [SA-OB-UAT(414)-[(414)Thread-1399]-[111]] WebShell - WebShell.readInputData:BenchmarkData is end of character.
[INFO ] 2026-10-01 05:30:56.316 [SA-OB-UAT(414)-[(414)Thread-1399]-[111]] GlobalTranslation - GlobalTranslation.getTranslations:companyID=-1,language=English,originalValue=SKU
[INFO ] 2026-10-01 05:30:56.316 [SA-OB-UAT(414)-[(414)Thread-1399]-[111]] GlobalTranslation - GlobalTranslation.getTranslations:translatedValue=SKU
[INFO ] 2026-10-01 05:30:56.316 [SA-OB-UAT(414)-[(414)Thread-1399]-[111]] GlobalTranslation - GlobalTranslation.getTranslations:companyID=-1,language=English,originalValue=SKU
[INFO ] 2026-10-01 05:30:56.316 [SA-OB-UAT(414)-[(414)Thread-1399]-[111]] GlobalTranslation - GlobalTranslation.getTranslations:translatedValue=SKU
[TRACE] 2026-10-01 05:30:56.316 [SA-OB-UAT(414)-[(414)Thread-1399]-[111]] WebShell - input data is null, isAlive = false, context = com.intellinum.mia.app.runtime.Context@29a990ba , thread = Thread[SA-OB-UAT(414)-[(414)Thread-1399]-[111],5,main]
[INFO ] 2026-10-01 05:30:56.366 [SA-OB-UAT(414)-[(414)Thread-1399]-[111]] FlexiWebSocket - FlexiWebSocket.closeConnection:message LogFire Connection closed
[ERROR] 2026-10-01 05:30:56.366 [SA-OB-UAT(414)-[(414)Thread-1399]-[111]] LogFirePage - class com.intellinum.mia.app.logfire.ui.LogFirePage
java.io.IOException: null
	at com.intellinum.mia.app.logfire.logical.JSCHManager.isConnected(JSCHManager.java:124) ~[FlexiServer.jar:?]
	at com.intellinum.mia.app.logfire.logical.LogFireSSHConnection.isAvailable(LogFireSSHConnection.java:949) ~[FlexiServer.jar:?]
	at com.intellinum.mia.app.logfire.ui.LogFirePage.logFireStatusCheck(LogFirePage.java:3904) ~[FlexiServer.jar:?]
	at com.intellinum.mia.app.runtime.FlexiRuntime.handleLogFireStatusCheck(FlexiRuntime.java:1024) ~[FlexiServer.jar:?]
	at com.intellinum.mia.app.runtime.FlexiRuntime.handleInputData(FlexiRuntime.java:658) ~[FlexiServer.jar:?]
	at com.intellinum.mia.web.WebShell.run(WebShell.java:95) ~[FlexiServer.jar:?]
[INFO ] 2026-10-01 05:30:56.366 [SA-OB-UAT(414)-[(414)Thread-1399]-[111]] WebShell - WebShell.readInputData:BenchmarkData is end of character.
[INFO ] 2026-10-01 05:30:56.366 [SA-OB-UAT(414)-[(414)Thread-1399]-[111]] GlobalTranslation - GlobalTranslation.getTranslations:companyID=-1,language=English,originalValue=SKU
[INFO ] 2026-10-01 05:30:56.366 [SA-OB-UAT(414)-[(414)Thread-1399]-[111]] GlobalTranslation - GlobalTranslation.getTranslations:translatedValue=SKU
[INFO ] 2026-10-01 05:30:56.366 [SA-OB-UAT(414)-[(414)Thread-1399]-[111]] GlobalTranslation - GlobalTranslation.getTranslations:companyID=-1,language=English,originalValue=SKU
[INFO ] 2026-10-01 05:30:56.367 [SA-OB-UAT(414)-[(414)Thread-1399]-[111]] GlobalTranslation - GlobalTranslation.getTranslations:translatedValue=SKU
[TRACE] 2026-10-01 05:30:56.367 [SA-OB-UAT(414)-[(414)Thread-1399]-[111]] WebShell - input data is null, isAlive = false, context = com.intellinum.mia.app.runtime.Context@29a990ba , thread = Thread[SA-OB-UAT(414)-[(414)Thread-1399]-[111],5,main]
[INFO ] 2026-10-01 05:30:56.416 [SA-OB-UAT(414)-[(414)Thread-1399]-[111]] FlexiWebSocket - FlexiWebSocket.closeConnection:message LogFire Connection closed
[ERROR] 2026-10-01 05:30:56.416 [SA-OB-UAT(414)-[(414)Thread-1399]-[111]] LogFirePage - class com.intellinum.mia.app.logfire.ui.LogFirePage
java.io.IOException: null
	at com.intellinum.mia.app.logfire.logical.JSCHManager.isConnected(JSCHManager.java:124) ~[FlexiServer.jar:?]
	at com.intellinum.mia.app.logfire.logical.LogFireSSHConnection.isAvailable(LogFireSSHConnection.java:949) ~[FlexiServer.jar:?]
	at com.intellinum.mia.app.logfire.ui.LogFirePage.logFireStatusCheck(LogFirePage.java:3904) ~[FlexiServer.jar:?]
	at com.intellinum.mia.app.runtime.FlexiRuntime.handleLogFireStatusCheck(FlexiRuntime.java:1024) ~[FlexiServer.jar:?]
	at com.intellinum.mia.app.runtime.FlexiRuntime.handleInputData(FlexiRuntime.java:658) ~[FlexiServer.jar:?]
	at com.intellinum.mia.web.WebShell.run(WebShell.java:95) ~[FlexiServer.jar:?]
[INFO ] 2026-10-01 05:30:56.417 [SA-OB-UAT(414)-[(414)Thread-1399]-[111]] WebShell - WebShell.readInputData:BenchmarkData is end of character.
[INFO ] 2026-10-01 05:30:56.417 [SA-OB-UAT(414)-[(414)Thread-1399]-[111]] GlobalTranslation - GlobalTranslation.getTranslations:companyID=-1,language=English,originalValue=SKU
[INFO ] 2026-10-01 05:30:56.417 [SA-OB-UAT(414)-[(414)Thread-1399]-[111]] GlobalTranslation - GlobalTranslation.getTranslations:translatedValue=SKU
[INFO ] 2026-10-01 05:30:56.417 [SA-OB-UAT(414)-[(414)Thread-1399]-[111]] GlobalTranslation - GlobalTranslation.getTranslations:companyID=-1,language=English,originalValue=SKU
[INFO ] 2026-10-01 05:30:56.417 [SA-OB-UAT(414)-[(414)Thread-1399]-[111]] GlobalTranslation - GlobalTranslation.getTranslations:translatedValue=SKU
[TRACE] 2026-10-01 05:30:56.417 [SA-OB-UAT(414)-[(414)Thread-1399]-[111]] WebShell - input data is null, isAlive = false, context = com.intellinum.mia.app.runtime.Context@29a990ba , thread = Thread[SA-OB-UAT(414)-[(414)Thread-1399]-[111],5,main]
[INFO ] 2026-10-01 05:30:56.466 [SA-OB-UAT(414)-[(414)Thread-1399]-[111]] FlexiWebSocket - FlexiWebSocket.closeConnection:message LogFire Connection closed
[ERROR] 2026-10-01 05:30:56.467 [SA-OB-UAT(414)-[(414)Thread-1399]-[111]] LogFirePage - class com.intellinum.mia.app.logfire.ui.LogFirePage
java.io.IOException: null
	at com.intellinum.mia.app.logfire.logical.JSCHManager.isConnected(JSCHManager.java:124) ~[FlexiServer.jar:?]
	at com.intellinum.mia.app.logfire.logical.LogFireSSHConnection.isAvailable(LogFireSSHConnection.java:949) ~[FlexiServer.jar:?]
	at com.intellinum.mia.app.logfire.ui.LogFirePage.logFireStatusCheck(LogFirePage.java:3904) ~[FlexiServer.jar:?]
	at com.intellinum.mia.app.runtime.FlexiRuntime.handleLogFireStatusCheck(FlexiRuntime.java:1024) ~[FlexiServer.jar:?]
	at com.intellinum.mia.app.runtime.FlexiRuntime.handleInputData(FlexiRuntime.java:658) ~[FlexiServer.jar:?]
	at com.intellinum.mia.web.WebShell.run(WebShell.java:95) ~[FlexiServer.jar:?]
[INFO ] 2026-10-01 05:30:56.467 [SA-OB-UAT(414)-[(414)Thread-1399]-[111]] WebShell - WebShell.readInputData:BenchmarkData is end of character.
[INFO ] 2026-10-01 05:30:56.467 [SA-OB-UAT(414)-[(414)Thread-1399]-[111]] GlobalTranslation - GlobalTranslation.getTranslations:companyID=-1,language=English,originalValue=SKU
[INFO ] 2026-10-01 05:30:56.467 [SA-OB-UAT(414)-[(414)Thread-1399]-[111]] GlobalTranslation - GlobalTranslation.getTranslations:translatedValue=SKU
[INFO ] 2026-10-01 05:30:56.467 [SA-OB-UAT(414)-[(414)Thread-1399]-[111]] GlobalTranslation - GlobalTranslation.getTranslations:companyID=-1,language=English,originalValue=SKU
[INFO ] 2026-10-01 05:30:56.467 [SA-OB-UAT(414)-[(414)Thread-1399]-[111]] GlobalTranslation - GlobalTranslation.getTranslations:translatedValue=SKU
[TRACE] 2026-10-01 05:30:56.467 [SA-OB-UAT(414)-[(414)Thread-1399]-[111]] WebShell - input data is null, isAlive = false, context = com.intellinum.mia.app.runtime.Context@29a990ba , thread = Thread[SA-OB-UAT(414)-[(414)Thread-1399]-[111],5,main]
[INFO ] 2026-10-01 05:30:56.517 [SA-OB-UAT(414)-[(414)Thread-1399]-[111]] FlexiWebSocket - FlexiWebSocket.closeConnection:message LogFire Connection closed
[ERROR] 2026-10-01 05:30:56.517 [SA-OB-UAT(414)-[(414)Thread-1399]-[111]] LogFirePage - class com.intellinum.mia.app.logfire.ui.LogFirePage
java.io.IOException: null
	at com.intellinum.mia.app.logfire.logical.JSCHManager.isConnected(JSCHManager.java:124) ~[FlexiServer.jar:?]
	at com.intellinum.mia.app.logfire.logical.LogFireSSHConnection.isAvailable(LogFireSSHConnection.java:949) ~[FlexiServer.jar:?]
	at com.intellinum.mia.app.logfire.ui.LogFirePage.logFireStatusCheck(LogFirePage.java:3904) ~[FlexiServer.jar:?]
	at com.intellinum.mia.app.runtime.FlexiRuntime.handleLogFireStatusCheck(FlexiRuntime.java:1024) ~[FlexiServer.jar:?]
	at com.intellinum.mia.app.runtime.FlexiRuntime.handleInputData(FlexiRuntime.java:658) ~[FlexiServer.jar:?]
	at com.intellinum.mia.web.WebShell.run(WebShell.java:95) ~[FlexiServer.jar:?]
[INFO ] 2026-10-01 05:30:56.517 [SA-OB-UAT(414)-[(414)Thread-1399]-[111]] WebShell - WebShell.readInputData:BenchmarkData is end of character.
[INFO ] 2026-10-01 05:30:56.517 [SA-OB-UAT(414)-[(414)Thread-1399]-[111]] GlobalTranslation - GlobalTranslation.getTranslations:companyID=-1,language=English,originalValue=SKU
[INFO ] 2026-10-01 05:30:56.517 [SA-OB-UAT(414)-[(414)Thread-1399]-[111]] GlobalTranslation - GlobalTranslation.getTranslations:translatedValue=SKU
[INFO ] 2026-10-01 05:30:56.517 [SA-OB-UAT(414)-[(414)Thread-1399]-[111]] GlobalTranslation - GlobalTranslation.getTranslations:companyID=-1,language=English,originalValue=SKU
[INFO ] 2026-10-01 05:30:56.517 [SA-OB-UAT(414)-[(414)Thread-1399]-[111]] GlobalTranslation - GlobalTranslation.getTranslations:translatedValue=SKU
[TRACE] 2026-10-01 05:30:56.517 [SA-OB-UAT(414)-[(414)Thread-1399]-[111]] WebShell - input data is null, isAlive = false, context = com.intellinum.mia.app.runtime.Context@29a990ba , thread = Thread[SA-OB-UAT(414)-[(414)Thread-1399]-[111],5,main]
[INFO ] 2026-10-01 05:30:56.567 [SA-OB-UAT(414)-[(414)Thread-1399]-[111]] FlexiWebSocket - FlexiWebSocket.closeConnection:message LogFire Connection closed
[ERROR] 2026-10-01 05:30:56.567 [SA-OB-UAT(414)-[(414)Thread-1399]-[111]] LogFirePage - class com.intellinum.mia.app.logfire.ui.LogFirePage
java.io.IOException: null
	at com.intellinum.mia.app.logfire.logical.JSCHManager.isConnected(JSCHManager.java:124) ~[FlexiServer.jar:?]
	at com.intellinum.mia.app.logfire.logical.LogFireSSHConnection.isAvailable(LogFireSSHConnection.java:949) ~[FlexiServer.jar:?]
	at com.intellinum.mia.app.logfire.ui.LogFirePage.logFireStatusCheck(LogFirePage.java:3904) ~[FlexiServer.jar:?]
	at com.intellinum.mia.app.runtime.FlexiRuntime.handleLogFireStatusCheck(FlexiRuntime.java:1024) ~[FlexiServer.jar:?]
	at com.intellinum.mia.app.runtime.FlexiRuntime.handleInputData(FlexiRuntime.java:658) ~[FlexiServer.jar:?]
	at com.intellinum.mia.web.WebShell.run(WebShell.java:95) ~[FlexiServer.jar:?]
[INFO ] 2026-10-01 05:30:56.567 [SA-OB-UAT(414)-[(414)Thread-1399]-[111]] WebShell - WebShell.readInputData:BenchmarkData is end of character.
[INFO ] 2026-10-01 05:30:56.567 [SA-OB-UAT(414)-[(414)Thread-1399]-[111]] GlobalTranslation - GlobalTranslation.getTranslations:companyID=-1,language=English,originalValue=SKU
[INFO ] 2026-10-01 05:30:56.567 [SA-OB-UAT(414)-[(414)Thread-1399]-[111]] GlobalTranslation - GlobalTranslation.getTranslations:translatedValue=SKU
[INFO ] 2026-10-01 05:30:56.567 [SA-OB-UAT(414)-[(414)Thread-1399]-[111]] GlobalTranslation - GlobalTranslation.getTranslations:companyID=-1,language=English,originalValue=SKU
[INFO ] 2026-10-01 05:30:56.567 [SA-OB-UAT(414)-[(414)Thread-1399]-[111]] GlobalTranslation - GlobalTranslation.getTranslations:translatedValue=SKU
[TRACE] 2026-10-01 05:30:56.567 [SA-OB-UAT(414)-[(414)Thread-1399]-[111]] WebShell - input data is null, isAlive = false, context = com.intellinum.mia.app.runtime.Context@29a990ba , thread = Thread[SA-OB-UAT(414)-[(414)Thread-1399]-[111],5,main]
[INFO ] 2026-10-01 05:30:56.617 [SA-OB-UAT(414)-[(414)Thread-1399]-[111]] FlexiWebSocket - FlexiWebSocket.closeConnection:message LogFire Connection closed
[ERROR] 2026-10-01 05:30:56.617 [SA-OB-UAT(414)-[(414)Thread-1399]-[111]] LogFirePage - class com.intellinum.mia.app.logfire.ui.LogFirePage
java.io.IOException: null
	at com.intellinum.mia.app.logfire.logical.JSCHManager.isConnected(JSCHManager.java:124) ~[FlexiServer.jar:?]
	at com.intellinum.mia.app.logfire.logical.LogFireSSHConnection.isAvailable(LogFireSSHConnection.java:949) ~[FlexiServer.jar:?]
	at com.intellinum.mia.app.logfire.ui.LogFirePage.logFireStatusCheck(LogFirePage.java:3904) ~[FlexiServer.jar:?]
	at com.intellinum.mia.app.runtime.FlexiRuntime.handleLogFireStatusCheck(FlexiRuntime.java:1024) ~[FlexiServer.jar:?]
	at com.intellinum.mia.app.runtime.FlexiRuntime.handleInputData(FlexiRuntime.java:658) ~[FlexiServer.jar:?]
	at com.intellinum.mia.web.WebShell.run(WebShell.java:95) ~[FlexiServer.jar:?]
[INFO ] 2026-10-01 05:30:56.617 [SA-OB-UAT(414)-[(414)Thread-1399]-[111]] WebShell - WebShell.readInputData:BenchmarkData is end of character.
[INFO ] 2026-10-01 05:30:56.617 [SA-OB-UAT(414)-[(414)Thread-1399]-[111]] GlobalTranslation - GlobalTranslation.getTranslations:companyID=-1,language=English,originalValue=SKU
[INFO ] 2026-10-01 05:30:56.617 [SA-OB-UAT(414)-[(414)Thread-1399]-[111]] GlobalTranslation - GlobalTranslation.getTranslations:translatedValue=SKU
[INFO ] 2026-10-01 05:30:56.617 [SA-OB-UAT(414)-[(414)Thread-1399]-[111]] GlobalTranslation - GlobalTranslation.getTranslations:companyID=-1,language=English,originalValue=SKU
[INFO ] 2026-10-01 05:30:56.617 [SA-OB-UAT(414)-[(414)Thread-1399]-[111]] GlobalTranslation - GlobalTranslation.getTranslations:translatedValue=SKU
[TRACE] 2026-10-01 05:30:56.617 [SA-OB-UAT(414)-[(414)Thread-1399]-[111]] WebShell - input data is null, isAlive = false, context = com.intellinum.mia.app.runtime.Context@29a990ba , thread = Thread[SA-OB-UAT(414)-[(414)Thread-1399]-[111],5,main]
[INFO ] 2026-10-01 05:30:56.667 [SA-OB-UAT(414)-[(414)Thread-1399]-[111]] FlexiWebSocket - FlexiWebSocket.closeConnection:message LogFire Connection closed
[ERROR] 2026-10-01 05:30:56.667 [SA-OB-UAT(414)-[(414)Thread-1399]-[111]] LogFirePage - class com.intellinum.mia.app.logfire.ui.LogFirePage
java.io.IOException: null
	at com.intellinum.mia.app.logfire.logical.JSCHManager.isConnected(JSCHManager.java:124) ~[FlexiServer.jar:?]
	at com.intellinum.mia.app.logfire.logical.LogFireSSHConnection.isAvailable(LogFireSSHConnection.java:949) ~[FlexiServer.jar:?]
	at com.intellinum.mia.app.logfire.ui.LogFirePage.logFireStatusCheck(LogFirePage.java:3904) ~[FlexiServer.jar:?]
	at com.intellinum.mia.app.runtime.FlexiRuntime.handleLogFireStatusCheck(FlexiRuntime.java:1024) ~[FlexiServer.jar:?]
	at com.intellinum.mia.app.runtime.FlexiRuntime.handleInputData(FlexiRuntime.java:658) ~[FlexiServer.jar:?]
	at com.intellinum.mia.web.WebShell.run(WebShell.java:95) ~[FlexiServer.jar:?]
[INFO ] 2026-10-01 05:30:56.667 [SA-OB-UAT(414)-[(414)Thread-1399]-[111]] WebShell - WebShell.readInputData:BenchmarkData is end of character.
[INFO ] 2026-10-01 05:30:56.667 [SA-OB-UAT(414)-[(414)Thread-1399]-[111]] GlobalTranslation - GlobalTranslation.getTranslations:companyID=-1,language=English,originalValue=SKU
[INFO ] 2026-10-01 05:30:56.667 [SA-OB-UAT(414)-[(414)Thread-1399]-[111]] GlobalTranslation - GlobalTranslation.getTranslations:translatedValue=SKU
[INFO ] 2026-10-01 05:30:56.667 [SA-OB-UAT(414)-[(414)Thread-1399]-[111]] GlobalTranslation - GlobalTranslation.getTranslations:companyID=-1,language=English,originalValue=SKU
[INFO ] 2026-10-01 05:30:56.667 [SA-OB-UAT(414)-[(414)Thread-1399]-[111]] GlobalTranslation - GlobalTranslation.getTranslations:translatedValue=SKU
[TRACE] 2026-10-01 05:30:56.667 [SA-OB-UAT(414)-[(414)Thread-1399]-[111]] WebShell - input data is null, isAlive = false, context = com.intellinum.mia.app.runtime.Context@29a990ba , thread = Thread[SA-OB-UAT(414)-[(414)Thread-1399]-[111],5,main]
[INFO ] 2026-10-01 05:30:56.717 [SA-OB-UAT(414)-[(414)Thread-1399]-[111]] FlexiWebSocket - FlexiWebSocket.closeConnection:message LogFire Connection closed
[ERROR] 2026-10-01 05:30:56.717 [SA-OB-UAT(414)-[(414)Thread-1399]-[111]] LogFirePage - class com.intellinum.mia.app.logfire.ui.LogFirePage
java.io.IOException: null
	at com.intellinum.mia.app.logfire.logical.JSCHManager.isConnected(JSCHManager.java:124) ~[FlexiServer.jar:?]
	at com.intellinum.mia.app.logfire.logical.LogFireSSHConnection.isAvailable(LogFireSSHConnection.java:949) ~[FlexiServer.jar:?]
	at com.intellinum.mia.app.logfire.ui.LogFirePage.logFireStatusCheck(LogFirePage.java:3904) ~[FlexiServer.jar:?]
	at com.intellinum.mia.app.runtime.FlexiRuntime.handleLogFireStatusCheck(FlexiRuntime.java:1024) ~[FlexiServer.jar:?]
	at com.intellinum.mia.app.runtime.FlexiRuntime.handleInputData(FlexiRuntime.java:658) ~[FlexiServer.jar:?]
	at com.intellinum.mia.web.WebShell.run(WebShell.java:95) ~[FlexiServer.jar:?]
[INFO ] 2026-10-01 05:30:56.717 [SA-OB-UAT(414)-[(414)Thread-1399]-[111]] WebShell - WebShell.readInputData:BenchmarkData is end of character.
[INFO ] 2026-10-01 05:30:56.717 [SA-OB-UAT(414)-[(414)Thread-1399]-[111]] GlobalTranslation - GlobalTranslation.getTranslations:companyID=-1,language=English,originalValue=SKU
[INFO ] 2026-10-01 05:30:56.717 [SA-OB-UAT(414)-[(414)Thread-1399]-[111]] GlobalTranslation - GlobalTranslation.getTranslations:translatedValue=SKU
[INFO ] 2026-10-01 05:30:56.717 [SA-OB-UAT(414)-[(414)Thread-1399]-[111]] GlobalTranslation - GlobalTranslation.getTranslations:companyID=-1,language=English,originalValue=SKU
[INFO ] 2026-10-01 05:30:56.717 [SA-OB-UAT(414)-[(414)Thread-1399]-[111]] GlobalTranslation - GlobalTranslation.getTranslations:translatedValue=SKU
[TRACE] 2026-10-01 05:30:56.717 [SA-OB-UAT(414)-[(414)Thread-1399]-[111]] WebShell - input data is null, isAlive = false, context = com.intellinum.mia.app.runtime.Context@29a990ba , thread = Thread[SA-OB-UAT(414)-[(414)Thread-1399]-[111],5,main]
[INFO ] 2026-10-01 05:30:56.767 [SA-OB-UAT(414)-[(414)Thread-1399]-[111]] FlexiWebSocket - FlexiWebSocket.closeConnection:message LogFire Connection closed
[ERROR] 2026-10-01 05:30:56.767 [SA-OB-UAT(414)-[(414)Thread-1399]-[111]] LogFirePage - class com.intellinum.mia.app.logfire.ui.LogFirePage
java.io.IOException: null
	at com.intellinum.mia.app.logfire.logical.JSCHManager.isConnected(JSCHManager.java:124) ~[FlexiServer.jar:?]
	at com.intellinum.mia.app.logfire.logical.LogFireSSHConnection.isAvailable(LogFireSSHConnection.java:949) ~[FlexiServer.jar:?]
	at com.intellinum.mia.app.logfire.ui.LogFirePage.logFireStatusCheck(LogFirePage.java:3904) ~[FlexiServer.jar:?]
	at com.intellinum.mia.app.runtime.FlexiRuntime.handleLogFireStatusCheck(FlexiRuntime.java:1024) ~[FlexiServer.jar:?]
	at com.intellinum.mia.app.runtime.FlexiRuntime.handleInputData(FlexiRuntime.java:658) ~[FlexiServer.jar:?]
	at com.intellinum.mia.web.WebShell.run(WebShell.java:95) ~[FlexiServer.jar:?]
[INFO ] 2026-10-01 05:30:56.767 [SA-OB-UAT(414)-[(414)Thread-1399]-[111]] WebShell - WebShell.readInputData:BenchmarkData is end of character.
[INFO ] 2026-10-01 05:30:56.767 [SA-OB-UAT(414)-[(414)Thread-1399]-[111]] GlobalTranslation - GlobalTranslation.getTranslations:companyID=-1,language=English,originalValue=SKU
[INFO ] 2026-10-01 05:30:56.767 [SA-OB-UAT(414)-[(414)Thread-1399]-[111]] GlobalTranslation - GlobalTranslation.getTranslations:translatedValue=SKU
[INFO ] 2026-10-01 05:30:56.767 [SA-OB-UAT(414)-[(414)Thread-1399]-[111]] GlobalTranslation - GlobalTranslation.getTranslations:companyID=-1,language=English,originalValue=SKU
[INFO ] 2026-10-01 05:30:56.767 [SA-OB-UAT(414)-[(414)Thread-1399]-[111]] GlobalTranslation - GlobalTranslation.getTranslations:translatedValue=SKU
[TRACE] 2026-10-01 05:30:56.767 [SA-OB-UAT(414)-[(414)Thread-1399]-[111]] WebShell - input data is null, isAlive = false, context = com.intellinum.mia.app.runtime.Context@29a990ba , thread = Thread[SA-OB-UAT(414)-[(414)Thread-1399]-[111],5,main]
[INFO ] 2026-10-01 05:30:56.817 [SA-OB-UAT(414)-[(414)Thread-1399]-[111]] FlexiWebSocket - FlexiWebSocket.closeConnection:message LogFire Connection closed
[ERROR] 2026-10-01 05:30:56.817 [SA-OB-UAT(414)-[(414)Thread-1399]-[111]] LogFirePage - class com.intellinum.mia.app.logfire.ui.LogFirePage
java.io.IOException: null
	at com.intellinum.mia.app.logfire.logical.JSCHManager.isConnected(JSCHManager.java:124) ~[FlexiServer.jar:?]
	at com.intellinum.mia.app.logfire.logical.LogFireSSHConnection.isAvailable(LogFireSSHConnection.java:949) ~[FlexiServer.jar:?]
	at com.intellinum.mia.app.logfire.ui.LogFirePage.logFireStatusCheck(LogFirePage.java:3904) ~[FlexiServer.jar:?]
	at com.intellinum.mia.app.runtime.FlexiRuntime.handleLogFireStatusCheck(FlexiRuntime.java:1024) ~[FlexiServer.jar:?]
	at com.intellinum.mia.app.runtime.FlexiRuntime.handleInputData(FlexiRuntime.java:658) ~[FlexiServer.jar:?]
	at com.intellinum.mia.web.WebShell.run(WebShell.java:95) ~[FlexiServer.jar:?]
[INFO ] 2026-10-01 05:30:56.817 [SA-OB-UAT(414)-[(414)Thread-1399]-[111]] WebShell - WebShell.readInputData:BenchmarkData is end of character.
[INFO ] 2026-10-01 05:30:56.817 [SA-OB-UAT(414)-[(414)Thread-1399]-[111]] GlobalTranslation - GlobalTranslation.getTranslations:companyID=-1,language=English,originalValue=SKU
[INFO ] 2026-10-01 05:30:56.817 [SA-OB-UAT(414)-[(414)Thread-1399]-[111]] GlobalTranslation - GlobalTranslation.getTranslations:translatedValue=SKU
[INFO ] 2026-10-01 05:30:56.817 [SA-OB-UAT(414)-[(414)Thread-1399]-[111]] GlobalTranslation - GlobalTranslation.getTranslations:companyID=-1,language=English,originalValue=SKU
[INFO ] 2026-10-01 05:30:56.817 [SA-OB-UAT(414)-[(414)Thread-1399]-[111]] GlobalTranslation - GlobalTranslation.getTranslations:translatedValue=SKU
[TRACE] 2026-10-01 05:30:56.817 [SA-OB-UAT(414)-[(414)Thread-1399]-[111]] WebShell - input data is null, isAlive = false, context = com.intellinum.mia.app.runtime.Context@29a990ba , thread = Thread[SA-OB-UAT(414)-[(414)Thread-1399]-[111],5,main]
[INFO ] 2026-10-01 05:30:56.867 [SA-OB-UAT(414)-[(414)Thread-1399]-[111]] FlexiWebSocket - FlexiWebSocket.closeConnection:message LogFire Connection closed
[ERROR] 2026-10-01 05:30:56.867 [SA-OB-UAT(414)-[(414)Thread-1399]-[111]] LogFirePage - class com.intellinum.mia.app.logfire.ui.LogFirePage
java.io.IOException: null
	at com.intellinum.mia.app.logfire.logical.JSCHManager.isConnected(JSCHManager.java:124) ~[FlexiServer.jar:?]
	at com.intellinum.mia.app.logfire.logical.LogFireSSHConnection.isAvailable(LogFireSSHConnection.java:949) ~[FlexiServer.jar:?]
	at com.intellinum.mia.app.logfire.ui.LogFirePage.logFireStatusCheck(LogFirePage.java:3904) ~[FlexiServer.jar:?]
	at com.intellinum.mia.app.runtime.FlexiRuntime.handleLogFireStatusCheck(FlexiRuntime.java:1024) ~[FlexiServer.jar:?]
	at com.intellinum.mia.app.runtime.FlexiRuntime.handleInputData(FlexiRuntime.java:658) ~[FlexiServer.jar:?]
	at com.intellinum.mia.web.WebShell.run(WebShell.java:95) ~[FlexiServer.jar:?]
[INFO ] 2026-10-01 05:30:56.867 [SA-OB-UAT(414)-[(414)Thread-1399]-[111]] WebShell - WebShell.readInputData:BenchmarkData is end of character.
[INFO ] 2026-10-01 05:30:56.867 [SA-OB-UAT(414)-[(414)Thread-1399]-[111]] GlobalTranslation - GlobalTranslation.getTranslations:companyID=-1,language=English,originalValue=SKU
[INFO ] 2026-10-01 05:30:56.867 [SA-OB-UAT(414)-[(414)Thread-1399]-[111]] GlobalTranslation - GlobalTranslation.getTranslations:translatedValue=SKU
[INFO ] 2026-10-01 05:30:56.867 [SA-OB-UAT(414)-[(414)Thread-1399]-[111]] GlobalTranslation - GlobalTranslation.getTranslations:companyID=-1,language=English,originalValue=SKU
[INFO ] 2026-10-01 05:30:56.867 [SA-OB-UAT(414)-[(414)Thread-1399]-[111]] GlobalTranslation - GlobalTranslation.getTranslations:translatedValue=SKU
[TRACE] 2026-10-01 05:30:56.867 [SA-OB-UAT(414)-[(414)Thread-1399]-[111]] WebShell - input data is null, isAlive = false, context = com.intellinum.mia.app.runtime.Context@29a990ba , thread = Thread[SA-OB-UAT(414)-[(414)Thread-1399]-[111],5,main]
[INFO ] 2026-10-01 05:30:56.917 [SA-OB-UAT(414)-[(414)Thread-1399]-[111]] FlexiWebSocket - FlexiWebSocket.closeConnection:message LogFire Connection closed
[ERROR] 2026-10-01 05:30:56.917 [SA-OB-UAT(414)-[(414)Thread-1399]-[111]] LogFirePage - class com.intellinum.mia.app.logfire.ui.LogFirePage
java.io.IOException: null
	at com.intellinum.mia.app.logfire.logical.JSCHManager.isConnected(JSCHManager.java:124) ~[FlexiServer.jar:?]
	at com.intellinum.mia.app.logfire.logical.LogFireSSHConnection.isAvailable(LogFireSSHConnection.java:949) ~[FlexiServer.jar:?]
	at com.intellinum.mia.app.logfire.ui.LogFirePage.logFireStatusCheck(LogFirePage.java:3904) ~[FlexiServer.jar:?]
	at com.intellinum.mia.app.runtime.FlexiRuntime.handleLogFireStatusCheck(FlexiRuntime.java:1024) ~[FlexiServer.jar:?]
	at com.intellinum.mia.app.runtime.FlexiRuntime.handleInputData(FlexiRuntime.java:658) ~[FlexiServer.jar:?]
	at com.intellinum.mia.web.WebShell.run(WebShell.java:95) ~[FlexiServer.jar:?]
[INFO ] 2026-10-01 05:30:56.917 [SA-OB-UAT(414)-[(414)Thread-1399]-[111]] WebShell - WebShell.readInputData:BenchmarkData is end of character.
[INFO ] 2026-10-01 05:30:56.917 [SA-OB-UAT(414)-[(414)Thread-1399]-[111]] GlobalTranslation - GlobalTranslation.getTranslations:companyID=-1,language=English,originalValue=SKU
[INFO ] 2026-10-01 05:30:56.917 [SA-OB-UAT(414)-[(414)Thread-1399]-[111]] GlobalTranslation - GlobalTranslation.getTranslations:translatedValue=SKU
[INFO ] 2026-10-01 05:30:56.917 [SA-OB-UAT(414)-[(414)Thread-1399]-[111]] GlobalTranslation - GlobalTranslation.getTranslations:companyID=-1,language=English,originalValue=SKU
[INFO ] 2026-10-01 05:30:56.917 [SA-OB-UAT(414)-[(414)Thread-1399]-[111]] GlobalTranslation - GlobalTranslation.getTranslations:translatedValue=SKU
[TRACE] 2026-10-01 05:30:56.917 [SA-OB-UAT(414)-[(414)Thread-1399]-[111]] WebShell - input data is null, isAlive = false, context = com.intellinum.mia.app.runtime.Context@29a990ba , thread = Thread[SA-OB-UAT(414)-[(414)Thread-1399]-[111],5,main]
[INFO ] 2026-10-01 05:30:56.967 [SA-OB-UAT(414)-[(414)Thread-1399]-[111]] FlexiWebSocket - FlexiWebSocket.closeConnection:message LogFire Connection closed
[ERROR] 2026-10-01 05:30:56.967 [SA-OB-UAT(414)-[(414)Thread-1399]-[111]] LogFirePage - class com.intellinum.mia.app.logfire.ui.LogFirePage
java.io.IOException: null
	at com.intellinum.mia.app.logfire.logical.JSCHManager.isConnected(JSCHManager.java:124) ~[FlexiServer.jar:?]
	at com.intellinum.mia.app.logfire.logical.LogFireSSHConnection.isAvailable(LogFireSSHConnection.java:949) ~[FlexiServer.jar:?]
	at com.intellinum.mia.app.logfire.ui.LogFirePage.logFireStatusCheck(LogFirePage.java:3904) ~[FlexiServer.jar:?]
	at com.intellinum.mia.app.runtime.FlexiRuntime.handleLogFireStatusCheck(FlexiRuntime.java:1024) ~[FlexiServer.jar:?]
	at com.intellinum.mia.app.runtime.FlexiRuntime.handleInputData(FlexiRuntime.java:658) ~[FlexiServer.jar:?]
	at com.intellinum.mia.web.WebShell.run(WebShell.java:95) ~[FlexiServer.jar:?]
[INFO ] 2026-10-01 05:30:56.967 [SA-OB-UAT(414)-[(414)Thread-1399]-[111]] WebShell - WebShell.readInputData:BenchmarkData is end of character.
[INFO ] 2026-10-01 05:30:56.967 [SA-OB-UAT(414)-[(414)Thread-1399]-[111]] GlobalTranslation - GlobalTranslation.getTranslations:companyID=-1,language=English,originalValue=SKU
[INFO ] 2026-10-01 05:30:56.967 [SA-OB-UAT(414)-[(414)Thread-1399]-[111]] GlobalTranslation - GlobalTranslation.getTranslations:translatedValue=SKU
[INFO ] 2026-10-01 05:30:56.967 [SA-OB-UAT(414)-[(414)Thread-1399]-[111]] GlobalTranslation - GlobalTranslation.getTranslations:companyID=-1,language=English,originalValue=SKU
[INFO ] 2026-10-01 05:30:56.967 [SA-OB-UAT(414)-[(414)Thread-1399]-[111]] GlobalTranslation - GlobalTranslation.getTranslations:translatedValue=SKU
[TRACE] 2026-10-01 05:30:56.967 [SA-OB-UAT(414)-[(414)Thread-1399]-[111]] WebShell - input data is null, isAlive = false, context = com.intellinum.mia.app.runtime.Context@29a990ba , thread = Thread[SA-OB-UAT(414)-[(414)Thread-1399]-[111],5,main]
[INFO ] 2026-10-01 05:30:57.017 [SA-OB-UAT(414)-[(414)Thread-1399]-[111]] FlexiWebSocket - FlexiWebSocket.closeConnection:message LogFire Connection closed
[ERROR] 2026-10-01 05:30:57.017 [SA-OB-UAT(414)-[(414)Thread-1399]-[111]] LogFirePage - class com.intellinum.mia.app.logfire.ui.LogFirePage
java.io.IOException: null
	at com.intellinum.mia.app.logfire.logical.JSCHManager.isConnected(JSCHManager.java:124) ~[FlexiServer.jar:?]
	at com.intellinum.mia.app.logfire.logical.LogFireSSHConnection.isAvailable(LogFireSSHConnection.java:949) ~[FlexiServer.jar:?]
	at com.intellinum.mia.app.logfire.ui.LogFirePage.logFireStatusCheck(LogFirePage.java:3904) ~[FlexiServer.jar:?]
	at com.intellinum.mia.app.runtime.FlexiRuntime.handleLogFireStatusCheck(FlexiRuntime.java:1024) ~[FlexiServer.jar:?]
	at com.intellinum.mia.app.runtime.FlexiRuntime.handleInputData(FlexiRuntime.java:658) ~[FlexiServer.jar:?]
	at com.intellinum.mia.web.WebShell.run(WebShell.java:95) ~[FlexiServer.jar:?]
[INFO ] 2026-10-01 05:30:57.017 [SA-OB-UAT(414)-[(414)Thread-1399]-[111]] WebShell - WebShell.readInputData:BenchmarkData is end of character.
[INFO ] 2026-10-01 05:30:57.018 [SA-OB-UAT(414)-[(414)Thread-1399]-[111]] GlobalTranslation - GlobalTranslation.getTranslations:companyID=-1,language=English,originalValue=SKU
[INFO ] 2026-10-01 05:30:57.018 [SA-OB-UAT(414)-[(414)Thread-1399]-[111]] GlobalTranslation - GlobalTranslation.getTranslations:translatedValue=SKU
[INFO ] 2026-10-01 05:30:57.018 [SA-OB-UAT(414)-[(414)Thread-1399]-[111]] GlobalTranslation - GlobalTranslation.getTranslations:companyID=-1,language=English,originalValue=SKU
[INFO ] 2026-10-01 05:30:57.018 [SA-OB-UAT(414)-[(414)Thread-1399]-[111]] GlobalTranslation - GlobalTranslation.getTranslations:translatedValue=SKU
[TRACE] 2026-10-01 05:30:57.018 [SA-OB-UAT(414)-[(414)Thread-1399]-[111]] WebShell - input data is null, isAlive = false, context = com.intellinum.mia.app.runtime.Context@29a990ba , thread = Thread[SA-OB-UAT(414)-[(414)Thread-1399]-[111],5,main]
[INFO ] 2026-10-01 05:30:57.067 [SA-OB-UAT(414)-[(414)Thread-1399]-[111]] FlexiWebSocket - FlexiWebSocket.closeConnection:message LogFire Connection closed
[ERROR] 2026-10-01 05:30:57.068 [SA-OB-UAT(414)-[(414)Thread-1399]-[111]] LogFirePage - class com.intellinum.mia.app.logfire.ui.LogFirePage
java.io.IOException: null
	at com.intellinum.mia.app.logfire.logical.JSCHManager.isConnected(JSCHManager.java:124) ~[FlexiServer.jar:?]
	at com.intellinum.mia.app.logfire.logical.LogFireSSHConnection.isAvailable(LogFireSSHConnection.java:949) ~[FlexiServer.jar:?]
	at com.intellinum.mia.app.logfire.ui.LogFirePage.logFireStatusCheck(LogFirePage.java:3904) ~[FlexiServer.jar:?]
	at com.intellinum.mia.app.runtime.FlexiRuntime.handleLogFireStatusCheck(FlexiRuntime.java:1024) ~[FlexiServer.jar:?]
	at com.intellinum.mia.app.runtime.FlexiRuntime.handleInputData(FlexiRuntime.java:658) ~[FlexiServer.jar:?]
	at com.intellinum.mia.web.WebShell.run(WebShell.java:95) ~[FlexiServer.jar:?]
[INFO ] 2026-10-01 05:30:57.068 [SA-OB-UAT(414)-[(414)Thread-1399]-[111]] WebShell - WebShell.readInputData:BenchmarkData is end of character.
[INFO ] 2026-10-01 05:30:57.068 [SA-OB-UAT(414)-[(414)Thread-1399]-[111]] GlobalTranslation - GlobalTranslation.getTranslations:companyID=-1,language=English,originalValue=SKU
[INFO ] 2026-10-01 05:30:57.068 [SA-OB-UAT(414)-[(414)Thread-1399]-[111]] GlobalTranslation - GlobalTranslation.getTranslations:translatedValue=SKU
[INFO ] 2026-10-01 05:30:57.068 [SA-OB-UAT(414)-[(414)Thread-1399]-[111]] GlobalTranslation - GlobalTranslation.getTranslations:companyID=-1,language=English,originalValue=SKU
[INFO ] 2026-10-01 05:30:57.068 [SA-OB-UAT(414)-[(414)Thread-1399]-[111]] GlobalTranslation - GlobalTranslation.getTranslations:translatedValue=SKU
[TRACE] 2026-10-01 05:30:57.068 [SA-OB-UAT(414)-[(414)Thread-1399]-[111]] WebShell - input data is null, isAlive = false, context = com.intellinum.mia.app.runtime.Context@29a990ba , thread = Thread[SA-OB-UAT(414)-[(414)Thread-1399]-[111],5,main]
[INFO ] 2026-10-01 05:30:57.118 [SA-OB-UAT(414)-[(414)Thread-1399]-[111]] FlexiWebSocket - FlexiWebSocket.closeConnection:message LogFire Connection closed
[ERROR] 2026-10-01 05:30:57.118 [SA-OB-UAT(414)-[(414)Thread-1399]-[111]] LogFirePage - class com.intellinum.mia.app.logfire.ui.LogFirePage
java.io.IOException: null
	at com.intellinum.mia.app.logfire.logical.JSCHManager.isConnected(JSCHManager.java:124) ~[FlexiServer.jar:?]
	at com.intellinum.mia.app.logfire.logical.LogFireSSHConnection.isAvailable(LogFireSSHConnection.java:949) ~[FlexiServer.jar:?]
	at com.intellinum.mia.app.logfire.ui.LogFirePage.logFireStatusCheck(LogFirePage.java:3904) ~[FlexiServer.jar:?]
	at com.intellinum.mia.app.runtime.FlexiRuntime.handleLogFireStatusCheck(FlexiRuntime.java:1024) ~[FlexiServer.jar:?]
	at com.intellinum.mia.app.runtime.FlexiRuntime.handleInputData(FlexiRuntime.java:658) ~[FlexiServer.jar:?]
	at com.intellinum.mia.web.WebShell.run(WebShell.java:95) ~[FlexiServer.jar:?]
[INFO ] 2026-10-01 05:30:57.118 [SA-OB-UAT(414)-[(414)Thread-1399]-[111]] WebShell - WebShell.readInputData:BenchmarkData is end of character.
[INFO ] 2026-10-01 05:30:57.118 [SA-OB-UAT(414)-[(414)Thread-1399]-[111]] GlobalTranslation - GlobalTranslation.getTranslations:companyID=-1,language=English,originalValue=SKU
[INFO ] 2026-10-01 05:30:57.118 [SA-OB-UAT(414)-[(414)Thread-1399]-[111]] GlobalTranslation - GlobalTranslation.getTranslations:translatedValue=SKU
[INFO ] 2026-10-01 05:30:57.118 [SA-OB-UAT(414)-[(414)Thread-1399]-[111]] GlobalTranslation - GlobalTranslation.getTranslations:companyID=-1,language=English,originalValue=SKU
[INFO ] 2026-10-01 05:30:57.118 [SA-OB-UAT(414)-[(414)Thread-1399]-[111]] GlobalTranslation - GlobalTranslation.getTranslations:translatedValue=SKU
[TRACE] 2026-10-01 05:30:57.118 [SA-OB-UAT(414)-[(414)Thread-1399]-[111]] WebShell - input data is null, isAlive = false, context = com.intellinum.mia.app.runtime.Context@29a990ba , thread = Thread[SA-OB-UAT(414)-[(414)Thread-1399]-[111],5,main]
[INFO ] 2026-10-01 05:30:57.168 [SA-OB-UAT(414)-[(414)Thread-1399]-[111]] FlexiWebSocket - FlexiWebSocket.closeConnection:message LogFire Connection closed
[ERROR] 2026-10-01 05:30:57.168 [SA-OB-UAT(414)-[(414)Thread-1399]-[111]] LogFirePage - class com.intellinum.mia.app.logfire.ui.LogFirePage
java.io.IOException: null
	at com.intellinum.mia.app.logfire.logical.JSCHManager.isConnected(JSCHManager.java:124) ~[FlexiServer.jar:?]
	at com.intellinum.mia.app.logfire.logical.LogFireSSHConnection.isAvailable(LogFireSSHConnection.java:949) ~[FlexiServer.jar:?]
	at com.intellinum.mia.app.logfire.ui.LogFirePage.logFireStatusCheck(LogFirePage.java:3904) ~[FlexiServer.jar:?]
	at com.intellinum.mia.app.runtime.FlexiRuntime.handleLogFireStatusCheck(FlexiRuntime.java:1024) ~[FlexiServer.jar:?]
	at com.intellinum.mia.app.runtime.FlexiRuntime.handleInputData(FlexiRuntime.java:658) ~[FlexiServer.jar:?]
	at com.intellinum.mia.web.WebShell.run(WebShell.java:95) ~[FlexiServer.jar:?]
[INFO ] 2026-10-01 05:30:57.168 [SA-OB-UAT(414)-[(414)Thread-1399]-[111]] WebShell - WebShell.readInputData:BenchmarkData is end of character.
[INFO ] 2026-10-01 05:30:57.168 [SA-OB-UAT(414)-[(414)Thread-1399]-[111]] GlobalTranslation - GlobalTranslation.getTranslations:companyID=-1,language=English,originalValue=SKU
[INFO ] 2026-10-01 05:30:57.168 [SA-OB-UAT(414)-[(414)Thread-1399]-[111]] GlobalTranslation - GlobalTranslation.getTranslations:translatedValue=SKU
[INFO ] 2026-10-01 05:30:57.168 [SA-OB-UAT(414)-[(414)Thread-1399]-[111]] GlobalTranslation - GlobalTranslation.getTranslations:companyID=-1,language=English,originalValue=SKU
[INFO ] 2026-10-01 05:30:57.168 [SA-OB-UAT(414)-[(414)Thread-1399]-[111]] GlobalTranslation - GlobalTranslation.getTranslations:translatedValue=SKU
[TRACE] 2026-10-01 05:30:57.168 [SA-OB-UAT(414)-[(414)Thread-1399]-[111]] WebShell - input data is null, isAlive = false, context = com.intellinum.mia.app.runtime.Context@29a990ba , thread = Thread[SA-OB-UAT(414)-[(414)Thread-1399]-[111],5,main]
[INFO ] 2026-10-01 05:30:57.218 [SA-OB-UAT(414)-[(414)Thread-1399]-[111]] FlexiWebSocket - FlexiWebSocket.closeConnection:message LogFire Connection closed
[ERROR] 2026-10-01 05:30:57.218 [SA-OB-UAT(414)-[(414)Thread-1399]-[111]] LogFirePage - class com.intellinum.mia.app.logfire.ui.LogFirePage
java.io.IOException: null
	at com.intellinum.mia.app.logfire.logical.JSCHManager.isConnected(JSCHManager.java:124) ~[FlexiServer.jar:?]
	at com.intellinum.mia.app.logfire.logical.LogFireSSHConnection.isAvailable(LogFireSSHConnection.java:949) ~[FlexiServer.jar:?]
	at com.intellinum.mia.app.logfire.ui.LogFirePage.logFireStatusCheck(LogFirePage.java:3904) ~[FlexiServer.jar:?]
	at com.intellinum.mia.app.runtime.FlexiRuntime.handleLogFireStatusCheck(FlexiRuntime.java:1024) ~[FlexiServer.jar:?]
	at com.intellinum.mia.app.runtime.FlexiRuntime.handleInputData(FlexiRuntime.java:658) ~[FlexiServer.jar:?]
	at com.intellinum.mia.web.WebShell.run(WebShell.java:95) ~[FlexiServer.jar:?]
[INFO ] 2026-10-01 05:30:57.218 [SA-OB-UAT(414)-[(414)Thread-1399]-[111]] WebShell - WebShell.readInputData:BenchmarkData is end of character.
[INFO ] 2026-10-01 05:30:57.218 [SA-OB-UAT(414)-[(414)Thread-1399]-[111]] GlobalTranslation - GlobalTranslation.getTranslations:companyID=-1,language=English,originalValue=SKU
[INFO ] 2026-10-01 05:30:57.218 [SA-OB-UAT(414)-[(414)Thread-1399]-[111]] GlobalTranslation - GlobalTranslation.getTranslations:translatedValue=SKU
[INFO ] 2026-10-01 05:30:57.218 [SA-OB-UAT(414)-[(414)Thread-1399]-[111]] GlobalTranslation - GlobalTranslation.getTranslations:companyID=-1,language=English,originalValue=SKU
[INFO ] 2026-10-01 05:30:57.218 [SA-OB-UAT(414)-[(414)Thread-1399]-[111]] GlobalTranslation - GlobalTranslation.getTranslations:translatedValue=SKU
[TRACE] 2026-10-01 05:30:57.218 [SA-OB-UAT(414)-[(414)Thread-1399]-[111]] WebShell - input data is null, isAlive = false, context = com.intellinum.mia.app.runtime.Context@29a990ba , thread = Thread[SA-OB-UAT(414)-[(414)Thread-1399]-[111],5,main]
[INFO ] 2026-10-01 05:30:57.268 [SA-OB-UAT(414)-[(414)Thread-1399]-[111]] FlexiWebSocket - FlexiWebSocket.closeConnection:message LogFire Connection closed
[ERROR] 2026-10-01 05:30:57.268 [SA-OB-UAT(414)-[(414)Thread-1399]-[111]] LogFirePage - class com.intellinum.mia.app.logfire.ui.LogFirePage
java.io.IOException: null
	at com.intellinum.mia.app.logfire.logical.JSCHManager.isConnected(JSCHManager.java:124) ~[FlexiServer.jar:?]
	at com.intellinum.mia.app.logfire.logical.LogFireSSHConnection.isAvailable(LogFireSSHConnection.java:949) ~[FlexiServer.jar:?]
	at com.intellinum.mia.app.logfire.ui.LogFirePage.logFireStatusCheck(LogFirePage.java:3904) ~[FlexiServer.jar:?]
	at com.intellinum.mia.app.runtime.FlexiRuntime.handleLogFireStatusCheck(FlexiRuntime.java:1024) ~[FlexiServer.jar:?]
	at com.intellinum.mia.app.runtime.FlexiRuntime.handleInputData(FlexiRuntime.java:658) ~[FlexiServer.jar:?]
	at com.intellinum.mia.web.WebShell.run(WebShell.java:95) ~[FlexiServer.jar:?]
[INFO ] 2026-10-01 05:30:57.268 [SA-OB-UAT(414)-[(414)Thread-1399]-[111]] WebShell - WebShell.readInputData:BenchmarkData is end of character.
[INFO ] 2026-10-01 05:30:57.268 [SA-OB-UAT(414)-[(414)Thread-1399]-[111]] GlobalTranslation - GlobalTranslation.getTranslations:companyID=-1,language=English,originalValue=SKU
[INFO ] 2026-10-01 05:30:57.268 [SA-OB-UAT(414)-[(414)Thread-1399]-[111]] GlobalTranslation - GlobalTranslation.getTranslations:translatedValue=SKU
[INFO ] 2026-10-01 05:30:57.268 [SA-OB-UAT(414)-[(414)Thread-1399]-[111]] GlobalTranslation - GlobalTranslation.getTranslations:companyID=-1,language=English,originalValue=SKU
[INFO ] 2026-10-01 05:30:57.268 [SA-OB-UAT(414)-[(414)Thread-1399]-[111]] GlobalTranslation - GlobalTranslation.getTranslations:translatedValue=SKU
[TRACE] 2026-10-01 05:30:57.268 [SA-OB-UAT(414)-[(414)Thread-1399]-[111]] WebShell - input data is null, isAlive = false, context = com.intellinum.mia.app.runtime.Context@29a990ba , thread = Thread[SA-OB-UAT(414)-[(414)Thread-1399]-[111],5,main]
[INFO ] 2026-10-01 05:30:57.318 [SA-OB-UAT(414)-[(414)Thread-1399]-[111]] FlexiWebSocket - FlexiWebSocket.closeConnection:message LogFire Connection closed
[ERROR] 2026-10-01 05:30:57.318 [SA-OB-UAT(414)-[(414)Thread-1399]-[111]] LogFirePage - class com.intellinum.mia.app.logfire.ui.LogFirePage
java.io.IOException: null
	at com.intellinum.mia.app.logfire.logical.JSCHManager.isConnected(JSCHManager.java:124) ~[FlexiServer.jar:?]
	at com.intellinum.mia.app.logfire.logical.LogFireSSHConnection.isAvailable(LogFireSSHConnection.java:949) ~[FlexiServer.jar:?]
	at com.intellinum.mia.app.logfire.ui.LogFirePage.logFireStatusCheck(LogFirePage.java:3904) ~[FlexiServer.jar:?]
	at com.intellinum.mia.app.runtime.FlexiRuntime.handleLogFireStatusCheck(FlexiRuntime.java:1024) ~[FlexiServer.jar:?]
	at com.intellinum.mia.app.runtime.FlexiRuntime.handleInputData(FlexiRuntime.java:658) ~[FlexiServer.jar:?]
	at com.intellinum.mia.web.WebShell.run(WebShell.java:95) ~[FlexiServer.jar:?]
[INFO ] 2026-10-01 05:30:57.318 [SA-OB-UAT(414)-[(414)Thread-1399]-[111]] WebShell - WebShell.readInputData:BenchmarkData is end of character.
[INFO ] 2026-10-01 05:30:57.318 [SA-OB-UAT(414)-[(414)Thread-1399]-[111]] GlobalTranslation - GlobalTranslation.getTranslations:companyID=-1,language=English,originalValue=SKU
[INFO ] 2026-10-01 05:30:57.318 [SA-OB-UAT(414)-[(414)Thread-1399]-[111]] GlobalTranslation - GlobalTranslation.getTranslations:translatedValue=SKU
[INFO ] 2026-10-01 05:30:57.318 [SA-OB-UAT(414)-[(414)Thread-1399]-[111]] GlobalTranslation - GlobalTranslation.getTranslations:companyID=-1,language=English,originalValue=SKU
[INFO ] 2026-10-01 05:30:57.318 [SA-OB-UAT(414)-[(414)Thread-1399]-[111]] GlobalTranslation - GlobalTranslation.getTranslations:translatedValue=SKU
[TRACE] 2026-10-01 05:30:57.318 [SA-OB-UAT(414)-[(414)Thread-1399]-[111]] WebShell - input data is null, isAlive = false, context = com.intellinum.mia.app.runtime.Context@29a990ba , thread = Thread[SA-OB-UAT(414)-[(414)Thread-1399]-[111],5,main]
[INFO ] 2026-10-01 05:30:57.368 [SA-OB-UAT(414)-[(414)Thread-1399]-[111]] FlexiWebSocket - FlexiWebSocket.closeConnection:message LogFire Connection closed
[ERROR] 2026-10-01 05:30:57.368 [SA-OB-UAT(414)-[(414)Thread-1399]-[111]] LogFirePage - class com.intellinum.mia.app.logfire.ui.LogFirePage
java.io.IOException: null
	at com.intellinum.mia.app.logfire.logical.JSCHManager.isConnected(JSCHManager.java:124) ~[FlexiServer.jar:?]
	at com.intellinum.mia.app.logfire.logical.LogFireSSHConnection.isAvailable(LogFireSSHConnection.java:949) ~[FlexiServer.jar:?]
	at com.intellinum.mia.app.logfire.ui.LogFirePage.logFireStatusCheck(LogFirePage.java:3904) ~[FlexiServer.jar:?]
	at com.intellinum.mia.app.runtime.FlexiRuntime.handleLogFireStatusCheck(FlexiRuntime.java:1024) ~[FlexiServer.jar:?]
	at com.intellinum.mia.app.runtime.FlexiRuntime.handleInputData(FlexiRuntime.java:658) ~[FlexiServer.jar:?]
	at com.intellinum.mia.web.WebShell.run(WebShell.java:95) ~[FlexiServer.jar:?]
[INFO ] 2026-10-01 05:30:57.368 [SA-OB-UAT(414)-[(414)Thread-1399]-[111]] WebShell - WebShell.readInputData:BenchmarkData is end of character.
[INFO ] 2026-10-01 05:30:57.368 [SA-OB-UAT(414)-[(414)Thread-1399]-[111]] GlobalTranslation - GlobalTranslation.getTranslations:companyID=-1,language=English,originalValue=SKU
[INFO ] 2026-10-01 05:30:57.368 [SA-OB-UAT(414)-[(414)Thread-1399]-[111]] GlobalTranslation - GlobalTranslation.getTranslations:translatedValue=SKU
[INFO ] 2026-10-01 05:30:57.368 [SA-OB-UAT(414)-[(414)Thread-1399]-[111]] GlobalTranslation - GlobalTranslation.getTranslations:companyID=-1,language=English,originalValue=SKU
[INFO ] 2026-10-01 05:30:57.368 [SA-OB-UAT(414)-[(414)Thread-1399]-[111]] GlobalTranslation - GlobalTranslation.getTranslations:translatedValue=SKU
[TRACE] 2026-10-01 05:30:57.368 [SA-OB-UAT(414)-[(414)Thread-1399]-[111]] WebShell - input data is null, isAlive = false, context = com.intellinum.mia.app.runtime.Context@29a990ba , thread = Thread[SA-OB-UAT(414)-[(414)Thread-1399]-[111],5,main]
[INFO ] 2026-10-01 05:30:57.418 [SA-OB-UAT(414)-[(414)Thread-1399]-[111]] FlexiWebSocket - FlexiWebSocket.closeConnection:message LogFire Connection closed
[ERROR] 2026-10-01 05:30:57.418 [SA-OB-UAT(414)-[(414)Thread-1399]-[111]] LogFirePage - class com.intellinum.mia.app.logfire.ui.LogFirePage
java.io.IOException: null
	at com.intellinum.mia.app.logfire.logical.JSCHManager.isConnected(JSCHManager.java:124) ~[FlexiServer.jar:?]
	at com.intellinum.mia.app.logfire.logical.LogFireSSHConnection.isAvailable(LogFireSSHConnection.java:949) ~[FlexiServer.jar:?]
	at com.intellinum.mia.app.logfire.ui.LogFirePage.logFireStatusCheck(LogFirePage.java:3904) ~[FlexiServer.jar:?]
	at com.intellinum.mia.app.runtime.FlexiRuntime.handleLogFireStatusCheck(FlexiRuntime.java:1024) ~[FlexiServer.jar:?]
	at com.intellinum.mia.app.runtime.FlexiRuntime.handleInputData(FlexiRuntime.java:658) ~[FlexiServer.jar:?]
	at com.intellinum.mia.web.WebShell.run(WebShell.java:95) ~[FlexiServer.jar:?]
[INFO ] 2026-10-01 05:30:57.418 [SA-OB-UAT(414)-[(414)Thread-1399]-[111]] WebShell - WebShell.readInputData:BenchmarkData is end of character.
[INFO ] 2026-10-01 05:30:57.418 [SA-OB-UAT(414)-[(414)Thread-1399]-[111]] GlobalTranslation - GlobalTranslation.getTranslations:companyID=-1,language=English,originalValue=SKU
[INFO ] 2026-10-01 05:30:57.418 [SA-OB-UAT(414)-[(414)Thread-1399]-[111]] GlobalTranslation - GlobalTranslation.getTranslations:translatedValue=SKU
[INFO ] 2026-10-01 05:30:57.418 [SA-OB-UAT(414)-[(414)Thread-1399]-[111]] GlobalTranslation - GlobalTranslation.getTranslations:companyID=-1,language=English,originalValue=SKU
[INFO ] 2026-10-01 05:30:57.418 [SA-OB-UAT(414)-[(414)Thread-1399]-[111]] GlobalTranslation - GlobalTranslation.getTranslations:translatedValue=SKU
[TRACE] 2026-10-01 05:30:57.418 [SA-OB-UAT(414)-[(414)Thread-1399]-[111]] WebShell - input data is null, isAlive = false, context = com.intellinum.mia.app.runtime.Context@29a990ba , thread = Thread[SA-OB-UAT(414)-[(414)Thread-1399]-[111],5,main]
[INFO ] 2026-10-01 05:30:57.468 [SA-OB-UAT(414)-[(414)Thread-1399]-[111]] FlexiWebSocket - FlexiWebSocket.closeConnection:message LogFire Connection closed
[ERROR] 2026-10-01 05:30:57.468 [SA-OB-UAT(414)-[(414)Thread-1399]-[111]] LogFirePage - class com.intellinum.mia.app.logfire.ui.LogFirePage
java.io.IOException: null
	at com.intellinum.mia.app.logfire.logical.JSCHManager.isConnected(JSCHManager.java:124) ~[FlexiServer.jar:?]
	at com.intellinum.mia.app.logfire.logical.LogFireSSHConnection.isAvailable(LogFireSSHConnection.java:949) ~[FlexiServer.jar:?]
	at com.intellinum.mia.app.logfire.ui.LogFirePage.logFireStatusCheck(LogFirePage.java:3904) ~[FlexiServer.jar:?]
	at com.intellinum.mia.app.runtime.FlexiRuntime.handleLogFireStatusCheck(FlexiRuntime.java:1024) ~[FlexiServer.jar:?]
	at com.intellinum.mia.app.runtime.FlexiRuntime.handleInputData(FlexiRuntime.java:658) ~[FlexiServer.jar:?]
	at com.intellinum.mia.web.WebShell.run(WebShell.java:95) ~[FlexiServer.jar:?]
[INFO ] 2026-10-01 05:30:57.468 [SA-OB-UAT(414)-[(414)Thread-1399]-[111]] WebShell - WebShell.readInputData:BenchmarkData is end of character.
[INFO ] 2026-10-01 05:30:57.468 [SA-OB-UAT(414)-[(414)Thread-1399]-[111]] GlobalTranslation - GlobalTranslation.getTranslations:companyID=-1,language=English,originalValue=SKU
[INFO ] 2026-10-01 05:30:57.468 [SA-OB-UAT(414)-[(414)Thread-1399]-[111]] GlobalTranslation - GlobalTranslation.getTranslations:translatedValue=SKU
[INFO ] 2026-10-01 05:30:57.468 [SA-OB-UAT(414)-[(414)Thread-1399]-[111]] GlobalTranslation - GlobalTranslation.getTranslations:companyID=-1,language=English,originalValue=SKU
[INFO ] 2026-10-01 05:30:57.468 [SA-OB-UAT(414)-[(414)Thread-1399]-[111]] GlobalTranslation - GlobalTranslation.getTranslations:translatedValue=SKU
[TRACE] 2026-10-01 05:30:57.468 [SA-OB-UAT(414)-[(414)Thread-1399]-[111]] WebShell - input data is null, isAlive = false, context = com.intellinum.mia.app.runtime.Context@29a990ba , thread = Thread[SA-OB-UAT(414)-[(414)Thread-1399]-[111],5,main]
[INFO ] 2026-10-01 05:30:57.518 [SA-OB-UAT(414)-[(414)Thread-1399]-[111]] FlexiWebSocket - FlexiWebSocket.closeConnection:message LogFire Connection closed
[ERROR] 2026-10-01 05:30:57.518 [SA-OB-UAT(414)-[(414)Thread-1399]-[111]] LogFirePage - class com.intellinum.mia.app.logfire.ui.LogFirePage
java.io.IOException: null
	at com.intellinum.mia.app.logfire.logical.JSCHManager.isConnected(JSCHManager.java:124) ~[FlexiServer.jar:?]
	at com.intellinum.mia.app.logfire.logical.LogFireSSHConnection.isAvailable(LogFireSSHConnection.java:949) ~[FlexiServer.jar:?]
	at com.intellinum.mia.app.logfire.ui.LogFirePage.logFireStatusCheck(LogFirePage.java:3904) ~[FlexiServer.jar:?]
	at com.intellinum.mia.app.runtime.FlexiRuntime.handleLogFireStatusCheck(FlexiRuntime.java:1024) ~[FlexiServer.jar:?]
	at com.intellinum.mia.app.runtime.FlexiRuntime.handleInputData(FlexiRuntime.java:658) ~[FlexiServer.jar:?]
	at com.intellinum.mia.web.WebShell.run(WebShell.java:95) ~[FlexiServer.jar:?]
[INFO ] 2026-10-01 05:30:57.518 [SA-OB-UAT(414)-[(414)Thread-1399]-[111]] WebShell - WebShell.readInputData:BenchmarkData is end of character.
[INFO ] 2026-10-01 05:30:57.518 [SA-OB-UAT(414)-[(414)Thread-1399]-[111]] GlobalTranslation - GlobalTranslation.getTranslations:companyID=-1,language=English,originalValue=SKU
[INFO ] 2026-10-01 05:30:57.518 [SA-OB-UAT(414)-[(414)Thread-1399]-[111]] GlobalTranslation - GlobalTranslation.getTranslations:translatedValue=SKU
[INFO ] 2026-10-01 05:30:57.518 [SA-OB-UAT(414)-[(414)Thread-1399]-[111]] GlobalTranslation - GlobalTranslation.getTranslations:companyID=-1,language=English,originalValue=SKU
[INFO ] 2026-10-01 05:30:57.518 [SA-OB-UAT(414)-[(414)Thread-1399]-[111]] GlobalTranslation - GlobalTranslation.getTranslations:translatedValue=SKU
[TRACE] 2026-10-01 05:30:57.518 [SA-OB-UAT(414)-[(414)Thread-1399]-[111]] WebShell - input data is null, isAlive = false, context = com.intellinum.mia.app.runtime.Context@29a990ba , thread = Thread[SA-OB-UAT(414)-[(414)Thread-1399]-[111],5,main]
[INFO ] 2026-10-01 05:30:57.568 [SA-OB-UAT(414)-[(414)Thread-1399]-[111]] FlexiWebSocket - FlexiWebSocket.closeConnection:message LogFire Connection closed
[ERROR] 2026-10-01 05:30:57.568 [SA-OB-UAT(414)-[(414)Thread-1399]-[111]] LogFirePage - class com.intellinum.mia.app.logfire.ui.LogFirePage
java.io.IOException: null
	at com.intellinum.mia.app.logfire.logical.JSCHManager.isConnected(JSCHManager.java:124) ~[FlexiServer.jar:?]
	at com.intellinum.mia.app.logfire.logical.LogFireSSHConnection.isAvailable(LogFireSSHConnection.java:949) ~[FlexiServer.jar:?]
	at com.intellinum.mia.app.logfire.ui.LogFirePage.logFireStatusCheck(LogFirePage.java:3904) ~[FlexiServer.jar:?]
	at com.intellinum.mia.app.runtime.FlexiRuntime.handleLogFireStatusCheck(FlexiRuntime.java:1024) ~[FlexiServer.jar:?]
	at com.intellinum.mia.app.runtime.FlexiRuntime.handleInputData(FlexiRuntime.java:658) ~[FlexiServer.jar:?]
	at com.intellinum.mia.web.WebShell.run(WebShell.java:95) ~[FlexiServer.jar:?]
[INFO ] 2026-10-01 05:30:57.568 [SA-OB-UAT(414)-[(414)Thread-1399]-[111]] WebShell - WebShell.readInputData:BenchmarkData is end of character.
[INFO ] 2026-10-01 05:30:57.568 [SA-OB-UAT(414)-[(414)Thread-1399]-[111]] GlobalTranslation - GlobalTranslation.getTranslations:companyID=-1,language=English,originalValue=SKU
[INFO ] 2026-10-01 05:30:57.568 [SA-OB-UAT(414)-[(414)Thread-1399]-[111]] GlobalTranslation - GlobalTranslation.getTranslations:translatedValue=SKU
[INFO ] 2026-10-01 05:30:57.568 [SA-OB-UAT(414)-[(414)Thread-1399]-[111]] GlobalTranslation - GlobalTranslation.getTranslations:companyID=-1,language=English,originalValue=SKU
[INFO ] 2026-10-01 05:30:57.568 [SA-OB-UAT(414)-[(414)Thread-1399]-[111]] GlobalTranslation - GlobalTranslation.getTranslations:translatedValue=SKU
[TRACE] 2026-10-01 05:30:57.568 [SA-OB-UAT(414)-[(414)Thread-1399]-[111]] WebShell - input data is null, isAlive = false, context = com.intellinum.mia.app.runtime.Context@29a990ba , thread = Thread[SA-OB-UAT(414)-[(414)Thread-1399]-[111],5,main]
[INFO ] 2026-10-01 05:30:57.618 [SA-OB-UAT(414)-[(414)Thread-1399]-[111]] FlexiWebSocket - FlexiWebSocket.closeConnection:message LogFire Connection closed
[ERROR] 2026-10-01 05:30:57.618 [SA-OB-UAT(414)-[(414)Thread-1399]-[111]] LogFirePage - class com.intellinum.mia.app.logfire.ui.LogFirePage
java.io.IOException: null
	at com.intellinum.mia.app.logfire.logical.JSCHManager.isConnected(JSCHManager.java:124) ~[FlexiServer.jar:?]
	at com.intellinum.mia.app.logfire.logical.LogFireSSHConnection.isAvailable(LogFireSSHConnection.java:949) ~[FlexiServer.jar:?]
	at com.intellinum.mia.app.logfire.ui.LogFirePage.logFireStatusCheck(LogFirePage.java:3904) ~[FlexiServer.jar:?]
	at com.intellinum.mia.app.runtime.FlexiRuntime.handleLogFireStatusCheck(FlexiRuntime.java:1024) ~[FlexiServer.jar:?]
	at com.intellinum.mia.app.runtime.FlexiRuntime.handleInputData(FlexiRuntime.java:658) ~[FlexiServer.jar:?]
	at com.intellinum.mia.web.WebShell.run(WebShell.java:95) ~[FlexiServer.jar:?]
[INFO ] 2026-10-01 05:30:57.618 [SA-OB-UAT(414)-[(414)Thread-1399]-[111]] WebShell - WebShell.readInputData:BenchmarkData is end of character.
[INFO ] 2026-10-01 05:30:57.618 [SA-OB-UAT(414)-[(414)Thread-1399]-[111]] GlobalTranslation - GlobalTranslation.getTranslations:companyID=-1,language=English,originalValue=SKU
[INFO ] 2026-10-01 05:30:57.618 [SA-OB-UAT(414)-[(414)Thread-1399]-[111]] GlobalTranslation - GlobalTranslation.getTranslations:translatedValue=SKU
[INFO ] 2026-10-01 05:30:57.618 [SA-OB-UAT(414)-[(414)Thread-1399]-[111]] GlobalTranslation - GlobalTranslation.getTranslations:companyID=-1,language=English,originalValue=SKU
[INFO ] 2026-10-01 05:30:57.618 [SA-OB-UAT(414)-[(414)Thread-1399]-[111]] GlobalTranslation - GlobalTranslation.getTranslations:translatedValue=SKU
[TRACE] 2026-10-01 05:30:57.618 [SA-OB-UAT(414)-[(414)Thread-1399]-[111]] WebShell - input data is null, isAlive = false, context = com.intellinum.mia.app.runtime.Context@29a990ba , thread = Thread[SA-OB-UAT(414)-[(414)Thread-1399]-[111],5,main]
[INFO ] 2026-10-01 05:30:57.668 [SA-OB-UAT(414)-[(414)Thread-1399]-[111]] FlexiWebSocket - FlexiWebSocket.closeConnection:message LogFire Connection closed
[ERROR] 2026-10-01 05:30:57.669 [SA-OB-UAT(414)-[(414)Thread-1399]-[111]] LogFirePage - class com.intellinum.mia.app.logfire.ui.LogFirePage
java.io.IOException: null
	at com.intellinum.mia.app.logfire.logical.JSCHManager.isConnected(JSCHManager.java:124) ~[FlexiServer.jar:?]
	at com.intellinum.mia.app.logfire.logical.LogFireSSHConnection.isAvailable(LogFireSSHConnection.java:949) ~[FlexiServer.jar:?]
	at com.intellinum.mia.app.logfire.ui.LogFirePage.logFireStatusCheck(LogFirePage.java:3904) ~[FlexiServer.jar:?]
	at com.intellinum.mia.app.runtime.FlexiRuntime.handleLogFireStatusCheck(FlexiRuntime.java:1024) ~[FlexiServer.jar:?]
	at com.intellinum.mia.app.runtime.FlexiRuntime.handleInputData(FlexiRuntime.java:658) ~[FlexiServer.jar:?]
	at com.intellinum.mia.web.WebShell.run(WebShell.java:95) ~[FlexiServer.jar:?]
[INFO ] 2026-10-01 05:30:57.669 [SA-OB-UAT(414)-[(414)Thread-1399]-[111]] WebShell - WebShell.readInputData:BenchmarkData is end of character.
[INFO ] 2026-10-01 05:30:57.669 [SA-OB-UAT(414)-[(414)Thread-1399]-[111]] GlobalTranslation - GlobalTranslation.getTranslations:companyID=-1,language=English,originalValue=SKU
[INFO ] 2026-10-01 05:30:57.669 [SA-OB-UAT(414)-[(414)Thread-1399]-[111]] GlobalTranslation - GlobalTranslation.getTranslations:translatedValue=SKU
[INFO ] 2026-10-01 05:30:57.669 [SA-OB-UAT(414)-[(414)Thread-1399]-[111]] GlobalTranslation - GlobalTranslation.getTranslations:companyID=-1,language=English,originalValue=SKU
[INFO ] 2026-10-01 05:30:57.669 [SA-OB-UAT(414)-[(414)Thread-1399]-[111]] GlobalTranslation - GlobalTranslation.getTranslations:translatedValue=SKU
[TRACE] 2026-10-01 05:30:57.669 [SA-OB-UAT(414)-[(414)Thread-1399]-[111]] WebShell - input data is null, isAlive = false, context = com.intellinum.mia.app.runtime.Context@29a990ba , thread = Thread[SA-OB-UAT(414)-[(414)Thread-1399]-[111],5,main]
[INFO ] 2026-10-01 05:30:57.719 [SA-OB-UAT(414)-[(414)Thread-1399]-[111]] FlexiWebSocket - FlexiWebSocket.closeConnection:message LogFire Connection closed
[ERROR] 2026-10-01 05:30:57.719 [SA-OB-UAT(414)-[(414)Thread-1399]-[111]] LogFirePage - class com.intellinum.mia.app.logfire.ui.LogFirePage
java.io.IOException: null
	at com.intellinum.mia.app.logfire.logical.JSCHManager.isConnected(JSCHManager.java:124) ~[FlexiServer.jar:?]
	at com.intellinum.mia.app.logfire.logical.LogFireSSHConnection.isAvailable(LogFireSSHConnection.java:949) ~[FlexiServer.jar:?]
	at com.intellinum.mia.app.logfire.ui.LogFirePage.logFireStatusCheck(LogFirePage.java:3904) ~[FlexiServer.jar:?]
	at com.intellinum.mia.app.runtime.FlexiRuntime.handleLogFireStatusCheck(FlexiRuntime.java:1024) ~[FlexiServer.jar:?]
	at com.intellinum.mia.app.runtime.FlexiRuntime.handleInputData(FlexiRuntime.java:658) ~[FlexiServer.jar:?]
	at com.intellinum.mia.web.WebShell.run(WebShell.java:95) ~[FlexiServer.jar:?]
[INFO ] 2026-10-01 05:30:57.719 [SA-OB-UAT(414)-[(414)Thread-1399]-[111]] WebShell - WebShell.readInputData:BenchmarkData is end of character.
[INFO ] 2026-10-01 05:30:57.719 [SA-OB-UAT(414)-[(414)Thread-1399]-[111]] GlobalTranslation - GlobalTranslation.getTranslations:companyID=-1,language=English,originalValue=SKU
[INFO ] 2026-10-01 05:30:57.719 [SA-OB-UAT(414)-[(414)Thread-1399]-[111]] GlobalTranslation - GlobalTranslation.getTranslations:translatedValue=SKU
[INFO ] 2026-10-01 05:30:57.719 [SA-OB-UAT(414)-[(414)Thread-1399]-[111]] GlobalTranslation - GlobalTranslation.getTranslations:companyID=-1,language=English,originalValue=SKU
[INFO ] 2026-10-01 05:30:57.719 [SA-OB-UAT(414)-[(414)Thread-1399]-[111]] GlobalTranslation - GlobalTranslation.getTranslations:translatedValue=SKU
[TRACE] 2026-10-01 05:30:57.719 [SA-OB-UAT(414)-[(414)Thread-1399]-[111]] WebShell - input data is null, isAlive = false, context = com.intellinum.mia.app.runtime.Context@29a990ba , thread = Thread[SA-OB-UAT(414)-[(414)Thread-1399]-[111],5,main]
[INFO ] 2026-10-01 05:30:57.769 [SA-OB-UAT(414)-[(414)Thread-1399]-[111]] FlexiWebSocket - FlexiWebSocket.closeConnection:message LogFire Connection closed
[ERROR] 2026-10-01 05:30:57.769 [SA-OB-UAT(414)-[(414)Thread-1399]-[111]] LogFirePage - class com.intellinum.mia.app.logfire.ui.LogFirePage
java.io.IOException: null
	at com.intellinum.mia.app.logfire.logical.JSCHManager.isConnected(JSCHManager.java:124) ~[FlexiServer.jar:?]
	at com.intellinum.mia.app.logfire.logical.LogFireSSHConnection.isAvailable(LogFireSSHConnection.java:949) ~[FlexiServer.jar:?]
	at com.intellinum.mia.app.logfire.ui.LogFirePage.logFireStatusCheck(LogFirePage.java:3904) ~[FlexiServer.jar:?]
	at com.intellinum.mia.app.runtime.FlexiRuntime.handleLogFireStatusCheck(FlexiRuntime.java:1024) ~[FlexiServer.jar:?]
	at com.intellinum.mia.app.runtime.FlexiRuntime.handleInputData(FlexiRuntime.java:658) ~[FlexiServer.jar:?]
	at com.intellinum.mia.web.WebShell.run(WebShell.java:95) ~[FlexiServer.jar:?]
[INFO ] 2026-10-01 05:30:57.769 [SA-OB-UAT(414)-[(414)Thread-1399]-[111]] WebShell - WebShell.readInputData:BenchmarkData is end of character.
[INFO ] 2026-10-01 05:30:57.769 [SA-OB-UAT(414)-[(414)Thread-1399]-[111]] GlobalTranslation - GlobalTranslation.getTranslations:companyID=-1,language=English,originalValue=SKU
[INFO ] 2026-10-01 05:30:57.769 [SA-OB-UAT(414)-[(414)Thread-1399]-[111]] GlobalTranslation - GlobalTranslation.getTranslations:translatedValue=SKU
[INFO ] 2026-10-01 05:30:57.769 [SA-OB-UAT(414)-[(414)Thread-1399]-[111]] GlobalTranslation - GlobalTranslation.getTranslations:companyID=-1,language=English,originalValue=SKU
[INFO ] 2026-10-01 05:30:57.769 [SA-OB-UAT(414)-[(414)Thread-1399]-[111]] GlobalTranslation - GlobalTranslation.getTranslations:translatedValue=SKU
[TRACE] 2026-10-01 05:30:57.769 [SA-OB-UAT(414)-[(414)Thread-1399]-[111]] WebShell - input data is null, isAlive = false, context = com.intellinum.mia.app.runtime.Context@29a990ba , thread = Thread[SA-OB-UAT(414)-[(414)Thread-1399]-[111],5,main]
[INFO ] 2026-10-01 05:30:57.819 [SA-OB-UAT(414)-[(414)Thread-1399]-[111]] FlexiWebSocket - FlexiWebSocket.closeConnection:message LogFire Connection closed
[ERROR] 2026-10-01 05:30:57.819 [SA-OB-UAT(414)-[(414)Thread-1399]-[111]] LogFirePage - class com.intellinum.mia.app.logfire.ui.LogFirePage
java.io.IOException: null
	at com.intellinum.mia.app.logfire.logical.JSCHManager.isConnected(JSCHManager.java:124) ~[FlexiServer.jar:?]
	at com.intellinum.mia.app.logfire.logical.LogFireSSHConnection.isAvailable(LogFireSSHConnection.java:949) ~[FlexiServer.jar:?]
	at com.intellinum.mia.app.logfire.ui.LogFirePage.logFireStatusCheck(LogFirePage.java:3904) ~[FlexiServer.jar:?]
	at com.intellinum.mia.app.runtime.FlexiRuntime.handleLogFireStatusCheck(FlexiRuntime.java:1024) ~[FlexiServer.jar:?]
	at com.intellinum.mia.app.runtime.FlexiRuntime.handleInputData(FlexiRuntime.java:658) ~[FlexiServer.jar:?]
	at com.intellinum.mia.web.WebShell.run(WebShell.java:95) ~[FlexiServer.jar:?]
[INFO ] 2026-10-01 05:30:57.819 [SA-OB-UAT(414)-[(414)Thread-1399]-[111]] WebShell - WebShell.readInputData:BenchmarkData is end of character.
[INFO ] 2026-10-01 05:30:57.819 [SA-OB-UAT(414)-[(414)Thread-1399]-[111]] GlobalTranslation - GlobalTranslation.getTranslations:companyID=-1,language=English,originalValue=SKU
[INFO ] 2026-10-01 05:30:57.819 [SA-OB-UAT(414)-[(414)Thread-1399]-[111]] GlobalTranslation - GlobalTranslation.getTranslations:translatedValue=SKU
[INFO ] 2026-10-01 05:30:57.819 [SA-OB-UAT(414)-[(414)Thread-1399]-[111]] GlobalTranslation - GlobalTranslation.getTranslations:companyID=-1,language=English,originalValue=SKU
[INFO ] 2026-10-01 05:30:57.819 [SA-OB-UAT(414)-[(414)Thread-1399]-[111]] GlobalTranslation - GlobalTranslation.getTranslations:translatedValue=SKU
[TRACE] 2026-10-01 05:30:57.819 [SA-OB-UAT(414)-[(414)Thread-1399]-[111]] WebShell - input data is null, isAlive = false, context = com.intellinum.mia.app.runtime.Context@29a990ba , thread = Thread[SA-OB-UAT(414)-[(414)Thread-1399]-[111],5,main]
[INFO ] 2026-10-01 05:30:57.869 [SA-OB-UAT(414)-[(414)Thread-1399]-[111]] FlexiWebSocket - FlexiWebSocket.closeConnection:message LogFire Connection closed
[ERROR] 2026-10-01 05:30:57.869 [SA-OB-UAT(414)-[(414)Thread-1399]-[111]] LogFirePage - class com.intellinum.mia.app.logfire.ui.LogFirePage
java.io.IOException: null
	at com.intellinum.mia.app.logfire.logical.JSCHManager.isConnected(JSCHManager.java:124) ~[FlexiServer.jar:?]
	at com.intellinum.mia.app.logfire.logical.LogFireSSHConnection.isAvailable(LogFireSSHConnection.java:949) ~[FlexiServer.jar:?]
	at com.intellinum.mia.app.logfire.ui.LogFirePage.logFireStatusCheck(LogFirePage.java:3904) ~[FlexiServer.jar:?]
	at com.intellinum.mia.app.runtime.FlexiRuntime.handleLogFireStatusCheck(FlexiRuntime.java:1024) ~[FlexiServer.jar:?]
	at com.intellinum.mia.app.runtime.FlexiRuntime.handleInputData(FlexiRuntime.java:658) ~[FlexiServer.jar:?]
	at com.intellinum.mia.web.WebShell.run(WebShell.java:95) ~[FlexiServer.jar:?]
[INFO ] 2026-10-01 05:30:57.869 [SA-OB-UAT(414)-[(414)Thread-1399]-[111]] WebShell - WebShell.readInputData:BenchmarkData is end of character.
[INFO ] 2026-10-01 05:30:57.869 [SA-OB-UAT(414)-[(414)Thread-1399]-[111]] GlobalTranslation - GlobalTranslation.getTranslations:companyID=-1,language=English,originalValue=SKU
[INFO ] 2026-10-01 05:30:57.869 [SA-OB-UAT(414)-[(414)Thread-1399]-[111]] GlobalTranslation - GlobalTranslation.getTranslations:translatedValue=SKU
[INFO ] 2026-10-01 05:30:57.869 [SA-OB-UAT(414)-[(414)Thread-1399]-[111]] GlobalTranslation - GlobalTranslation.getTranslations:companyID=-1,language=English,originalValue=SKU
[INFO ] 2026-10-01 05:30:57.869 [SA-OB-UAT(414)-[(414)Thread-1399]-[111]] GlobalTranslation - GlobalTranslation.getTranslations:translatedValue=SKU
[TRACE] 2026-10-01 05:30:57.869 [SA-OB-UAT(414)-[(414)Thread-1399]-[111]] WebShell - input data is null, isAlive = false, context = com.intellinum.mia.app.runtime.Context@29a990ba , thread = Thread[SA-OB-UAT(414)-[(414)Thread-1399]-[111],5,main]
[INFO ] 2026-10-01 05:30:57.919 [SA-OB-UAT(414)-[(414)Thread-1399]-[111]] FlexiWebSocket - FlexiWebSocket.closeConnection:message LogFire Connection closed
[ERROR] 2026-10-01 05:30:57.919 [SA-OB-UAT(414)-[(414)Thread-1399]-[111]] LogFirePage - class com.intellinum.mia.app.logfire.ui.LogFirePage
java.io.IOException: null
	at com.intellinum.mia.app.logfire.logical.JSCHManager.isConnected(JSCHManager.java:124) ~[FlexiServer.jar:?]
	at com.intellinum.mia.app.logfire.logical.LogFireSSHConnection.isAvailable(LogFireSSHConnection.java:949) ~[FlexiServer.jar:?]
	at com.intellinum.mia.app.logfire.ui.LogFirePage.logFireStatusCheck(LogFirePage.java:3904) ~[FlexiServer.jar:?]
	at com.intellinum.mia.app.runtime.FlexiRuntime.handleLogFireStatusCheck(FlexiRuntime.java:1024) ~[FlexiServer.jar:?]
	at com.intellinum.mia.app.runtime.FlexiRuntime.handleInputData(FlexiRuntime.java:658) ~[FlexiServer.jar:?]
	at com.intellinum.mia.web.WebShell.run(WebShell.java:95) ~[FlexiServer.jar:?]
[INFO ] 2026-10-01 05:30:57.919 [SA-OB-UAT(414)-[(414)Thread-1399]-[111]] WebShell - WebShell.readInputData:BenchmarkData is end of character.
[INFO ] 2026-10-01 05:30:57.919 [SA-OB-UAT(414)-[(414)Thread-1399]-[111]] GlobalTranslation - GlobalTranslation.getTranslations:companyID=-1,language=English,originalValue=SKU
[INFO ] 2026-10-01 05:30:57.919 [SA-OB-UAT(414)-[(414)Thread-1399]-[111]] GlobalTranslation - GlobalTranslation.getTranslations:translatedValue=SKU
[INFO ] 2026-10-01 05:30:57.919 [SA-OB-UAT(414)-[(414)Thread-1399]-[111]] GlobalTranslation - GlobalTranslation.getTranslations:companyID=-1,language=English,originalValue=SKU
[INFO ] 2026-10-01 05:30:57.919 [SA-OB-UAT(414)-[(414)Thread-1399]-[111]] GlobalTranslation - GlobalTranslation.getTranslations:translatedValue=SKU
[TRACE] 2026-10-01 05:30:57.919 [SA-OB-UAT(414)-[(414)Thread-1399]-[111]] WebShell - input data is null, isAlive = false, context = com.intellinum.mia.app.runtime.Context@29a990ba , thread = Thread[SA-OB-UAT(414)-[(414)Thread-1399]-[111],5,main]
[INFO ] 2026-10-01 05:30:57.969 [SA-OB-UAT(414)-[(414)Thread-1399]-[111]] FlexiWebSocket - FlexiWebSocket.closeConnection:message LogFire Connection closed
[ERROR] 2026-10-01 05:30:57.969 [SA-OB-UAT(414)-[(414)Thread-1399]-[111]] LogFirePage - class com.intellinum.mia.app.logfire.ui.LogFirePage
java.io.IOException: null
	at com.intellinum.mia.app.logfire.logical.JSCHManager.isConnected(JSCHManager.java:124) ~[FlexiServer.jar:?]
	at com.intellinum.mia.app.logfire.logical.LogFireSSHConnection.isAvailable(LogFireSSHConnection.java:949) ~[FlexiServer.jar:?]
	at com.intellinum.mia.app.logfire.ui.LogFirePage.logFireStatusCheck(LogFirePage.java:3904) ~[FlexiServer.jar:?]
	at com.intellinum.mia.app.runtime.FlexiRuntime.handleLogFireStatusCheck(FlexiRuntime.java:1024) ~[FlexiServer.jar:?]
	at com.intellinum.mia.app.runtime.FlexiRuntime.handleInputData(FlexiRuntime.java:658) ~[FlexiServer.jar:?]
	at com.intellinum.mia.web.WebShell.run(WebShell.java:95) ~[FlexiServer.jar:?]
[INFO ] 2026-10-01 05:30:57.969 [SA-OB-UAT(414)-[(414)Thread-1399]-[111]] WebShell - WebShell.readInputData:BenchmarkData is end of character.
[INFO ] 2026-10-01 05:30:57.969 [SA-OB-UAT(414)-[(414)Thread-1399]-[111]] GlobalTranslation - GlobalTranslation.getTranslations:companyID=-1,language=English,originalValue=SKU
[INFO ] 2026-10-01 05:30:57.969 [SA-OB-UAT(414)-[(414)Thread-1399]-[111]] GlobalTranslation - GlobalTranslation.getTranslations:translatedValue=SKU
[INFO ] 2026-10-01 05:30:57.969 [SA-OB-UAT(414)-[(414)Thread-1399]-[111]] GlobalTranslation - GlobalTranslation.getTranslations:companyID=-1,language=English,originalValue=SKU
[INFO ] 2026-10-01 05:30:57.969 [SA-OB-UAT(414)-[(414)Thread-1399]-[111]] GlobalTranslation - GlobalTranslation.getTranslations:translatedValue=SKU
[TRACE] 2026-10-01 05:30:57.969 [SA-OB-UAT(414)-[(414)Thread-1399]-[111]] WebShell - input data is null, isAlive = false, context = com.intellinum.mia.app.runtime.Context@29a990ba , thread = Thread[SA-OB-UAT(414)-[(414)Thread-1399]-[111],5,main]
[INFO ] 2026-10-01 05:30:58.019 [SA-OB-UAT(414)-[(414)Thread-1399]-[111]] FlexiWebSocket - FlexiWebSocket.closeConnection:message LogFire Connection closed
[ERROR] 2026-10-01 05:30:58.019 [SA-OB-UAT(414)-[(414)Thread-1399]-[111]] LogFirePage - class com.intellinum.mia.app.logfire.ui.LogFirePage
java.io.IOException: null
	at com.intellinum.mia.app.logfire.logical.JSCHManager.isConnected(JSCHManager.java:124) ~[FlexiServer.jar:?]
	at com.intellinum.mia.app.logfire.logical.LogFireSSHConnection.isAvailable(LogFireSSHConnection.java:949) ~[FlexiServer.jar:?]
	at com.intellinum.mia.app.logfire.ui.LogFirePage.logFireStatusCheck(LogFirePage.java:3904) ~[FlexiServer.jar:?]
	at com.intellinum.mia.app.runtime.FlexiRuntime.handleLogFireStatusCheck(FlexiRuntime.java:1024) ~[FlexiServer.jar:?]
	at com.intellinum.mia.app.runtime.FlexiRuntime.handleInputData(FlexiRuntime.java:658) ~[FlexiServer.jar:?]
	at com.intellinum.mia.web.WebShell.run(WebShell.java:95) ~[FlexiServer.jar:?]
[INFO ] 2026-10-01 05:30:58.019 [SA-OB-UAT(414)-[(414)Thread-1399]-[111]] WebShell - WebShell.readInputData:BenchmarkData is end of character.
[INFO ] 2026-10-01 05:30:58.019 [SA-OB-UAT(414)-[(414)Thread-1399]-[111]] GlobalTranslation - GlobalTranslation.getTranslations:companyID=-1,language=English,originalValue=SKU
[INFO ] 2026-10-01 05:30:58.019 [SA-OB-UAT(414)-[(414)Thread-1399]-[111]] GlobalTranslation - GlobalTranslation.getTranslations:translatedValue=SKU
[INFO ] 2026-10-01 05:30:58.019 [SA-OB-UAT(414)-[(414)Thread-1399]-[111]] GlobalTranslation - GlobalTranslation.getTranslations:companyID=-1,language=English,originalValue=SKU
[INFO ] 2026-10-01 05:30:58.019 [SA-OB-UAT(414)-[(414)Thread-1399]-[111]] GlobalTranslation - GlobalTranslation.getTranslations:translatedValue=SKU
[TRACE] 2026-10-01 05:30:58.019 [SA-OB-UAT(414)-[(414)Thread-1399]-[111]] WebShell - input data is null, isAlive = false, context = com.intellinum.mia.app.runtime.Context@29a990ba , thread = Thread[SA-OB-UAT(414)-[(414)Thread-1399]-[111],5,main]
[INFO ] 2026-10-01 05:30:58.069 [SA-OB-UAT(414)-[(414)Thread-1399]-[111]] FlexiWebSocket - FlexiWebSocket.closeConnection:message LogFire Connection closed
[ERROR] 2026-10-01 05:30:58.069 [SA-OB-UAT(414)-[(414)Thread-1399]-[111]] LogFirePage - class com.intellinum.mia.app.logfire.ui.LogFirePage
java.io.IOException: null
	at com.intellinum.mia.app.logfire.logical.JSCHManager.isConnected(JSCHManager.java:124) ~[FlexiServer.jar:?]
	at com.intellinum.mia.app.logfire.logical.LogFireSSHConnection.isAvailable(LogFireSSHConnection.java:949) ~[FlexiServer.jar:?]
	at com.intellinum.mia.app.logfire.ui.LogFirePage.logFireStatusCheck(LogFirePage.java:3904) ~[FlexiServer.jar:?]
	at com.intellinum.mia.app.runtime.FlexiRuntime.handleLogFireStatusCheck(FlexiRuntime.java:1024) ~[FlexiServer.jar:?]
	at com.intellinum.mia.app.runtime.FlexiRuntime.handleInputData(FlexiRuntime.java:658) ~[FlexiServer.jar:?]
	at com.intellinum.mia.web.WebShell.run(WebShell.java:95) ~[FlexiServer.jar:?]
[INFO ] 2026-10-01 05:30:58.069 [SA-OB-UAT(414)-[(414)Thread-1399]-[111]] WebShell - WebShell.readInputData:BenchmarkData is end of character.
[INFO ] 2026-10-01 05:30:58.069 [SA-OB-UAT(414)-[(414)Thread-1399]-[111]] GlobalTranslation - GlobalTranslation.getTranslations:companyID=-1,language=English,originalValue=SKU
[INFO ] 2026-10-01 05:30:58.069 [SA-OB-UAT(414)-[(414)Thread-1399]-[111]] GlobalTranslation - GlobalTranslation.getTranslations:translatedValue=SKU
[INFO ] 2026-10-01 05:30:58.069 [SA-OB-UAT(414)-[(414)Thread-1399]-[111]] GlobalTranslation - GlobalTranslation.getTranslations:companyID=-1,language=English,originalValue=SKU
[INFO ] 2026-10-01 05:30:58.069 [SA-OB-UAT(414)-[(414)Thread-1399]-[111]] GlobalTranslation - GlobalTranslation.getTranslations:translatedValue=SKU
[TRACE] 2026-10-01 05:30:58.069 [SA-OB-UAT(414)-[(414)Thread-1399]-[111]] WebShell - input data is null, isAlive = false, context = com.intellinum.mia.app.runtime.Context@29a990ba , thread = Thread[SA-OB-UAT(414)-[(414)Thread-1399]-[111],5,main]
[INFO ] 2026-10-01 05:30:58.119 [SA-OB-UAT(414)-[(414)Thread-1399]-[111]] FlexiWebSocket - FlexiWebSocket.closeConnection:message LogFire Connection closed
[ERROR] 2026-10-01 05:30:58.119 [SA-OB-UAT(414)-[(414)Thread-1399]-[111]] LogFirePage - class com.intellinum.mia.app.logfire.ui.LogFirePage
java.io.IOException: null
	at com.intellinum.mia.app.logfire.logical.JSCHManager.isConnected(JSCHManager.java:124) ~[FlexiServer.jar:?]
	at com.intellinum.mia.app.logfire.logical.LogFireSSHConnection.isAvailable(LogFireSSHConnection.java:949) ~[FlexiServer.jar:?]
	at com.intellinum.mia.app.logfire.ui.LogFirePage.logFireStatusCheck(LogFirePage.java:3904) ~[FlexiServer.jar:?]
	at com.intellinum.mia.app.runtime.FlexiRuntime.handleLogFireStatusCheck(FlexiRuntime.java:1024) ~[FlexiServer.jar:?]
	at com.intellinum.mia.app.runtime.FlexiRuntime.handleInputData(FlexiRuntime.java:658) ~[FlexiServer.jar:?]
	at com.intellinum.mia.web.WebShell.run(WebShell.java:95) ~[FlexiServer.jar:?]
[INFO ] 2026-10-01 05:30:58.119 [SA-OB-UAT(414)-[(414)Thread-1399]-[111]] WebShell - WebShell.readInputData:BenchmarkData is end of character.
[INFO ] 2026-10-01 05:30:58.119 [SA-OB-UAT(414)-[(414)Thread-1399]-[111]] GlobalTranslation - GlobalTranslation.getTranslations:companyID=-1,language=English,originalValue=SKU
[INFO ] 2026-10-01 05:30:58.119 [SA-OB-UAT(414)-[(414)Thread-1399]-[111]] GlobalTranslation - GlobalTranslation.getTranslations:translatedValue=SKU
[INFO ] 2026-10-01 05:30:58.119 [SA-OB-UAT(414)-[(414)Thread-1399]-[111]] GlobalTranslation - GlobalTranslation.getTranslations:companyID=-1,language=English,originalValue=SKU
[INFO ] 2026-10-01 05:30:58.119 [SA-OB-UAT(414)-[(414)Thread-1399]-[111]] GlobalTranslation - GlobalTranslation.getTranslations:translatedValue=SKU
[TRACE] 2026-10-01 05:30:58.119 [SA-OB-UAT(414)-[(414)Thread-1399]-[111]] WebShell - input data is null, isAlive = false, context = com.intellinum.mia.app.runtime.Context@29a990ba , thread = Thread[SA-OB-UAT(414)-[(414)Thread-1399]-[111],5,main]
[INFO ] 2026-10-01 05:30:58.169 [SA-OB-UAT(414)-[(414)Thread-1399]-[111]] FlexiWebSocket - FlexiWebSocket.closeConnection:message LogFire Connection closed
[ERROR] 2026-10-01 05:30:58.169 [SA-OB-UAT(414)-[(414)Thread-1399]-[111]] LogFirePage - class com.intellinum.mia.app.logfire.ui.LogFirePage
java.io.IOException: null
	at com.intellinum.mia.app.logfire.logical.JSCHManager.isConnected(JSCHManager.java:124) ~[FlexiServer.jar:?]
	at com.intellinum.mia.app.logfire.logical.LogFireSSHConnection.isAvailable(LogFireSSHConnection.java:949) ~[FlexiServer.jar:?]
	at com.intellinum.mia.app.logfire.ui.LogFirePage.logFireStatusCheck(LogFirePage.java:3904) ~[FlexiServer.jar:?]
	at com.intellinum.mia.app.runtime.FlexiRuntime.handleLogFireStatusCheck(FlexiRuntime.java:1024) ~[FlexiServer.jar:?]
	at com.intellinum.mia.app.runtime.FlexiRuntime.handleInputData(FlexiRuntime.java:658) ~[FlexiServer.jar:?]
	at com.intellinum.mia.web.WebShell.run(WebShell.java:95) ~[FlexiServer.jar:?]
[INFO ] 2026-10-01 05:30:58.169 [SA-OB-UAT(414)-[(414)Thread-1399]-[111]] WebShell - WebShell.readInputData:BenchmarkData is end of character.
[INFO ] 2026-10-01 05:30:58.169 [SA-OB-UAT(414)-[(414)Thread-1399]-[111]] GlobalTranslation - GlobalTranslation.getTranslations:companyID=-1,language=English,originalValue=SKU
[INFO ] 2026-10-01 05:30:58.169 [SA-OB-UAT(414)-[(414)Thread-1399]-[111]] GlobalTranslation - GlobalTranslation.getTranslations:translatedValue=SKU
[INFO ] 2026-10-01 05:30:58.169 [SA-OB-UAT(414)-[(414)Thread-1399]-[111]] GlobalTranslation - GlobalTranslation.getTranslations:companyID=-1,language=English,originalValue=SKU
[INFO ] 2026-10-01 05:30:58.169 [SA-OB-UAT(414)-[(414)Thread-1399]-[111]] GlobalTranslation - GlobalTranslation.getTranslations:translatedValue=SKU
[TRACE] 2026-10-01 05:30:58.169 [SA-OB-UAT(414)-[(414)Thread-1399]-[111]] WebShell - input data is null, isAlive = false, context = com.intellinum.mia.app.runtime.Context@29a990ba , thread = Thread[SA-OB-UAT(414)-[(414)Thread-1399]-[111],5,main]
[INFO ] 2026-10-01 05:30:58.219 [SA-OB-UAT(414)-[(414)Thread-1399]-[111]] FlexiWebSocket - FlexiWebSocket.closeConnection:message LogFire Connection closed
[ERROR] 2026-10-01 05:30:58.219 [SA-OB-UAT(414)-[(414)Thread-1399]-[111]] LogFirePage - class com.intellinum.mia.app.logfire.ui.LogFirePage
java.io.IOException: null
	at com.intellinum.mia.app.logfire.logical.JSCHManager.isConnected(JSCHManager.java:124) ~[FlexiServer.jar:?]
	at com.intellinum.mia.app.logfire.logical.LogFireSSHConnection.isAvailable(LogFireSSHConnection.java:949) ~[FlexiServer.jar:?]
	at com.intellinum.mia.app.logfire.ui.LogFirePage.logFireStatusCheck(LogFirePage.java:3904) ~[FlexiServer.jar:?]
	at com.intellinum.mia.app.runtime.FlexiRuntime.handleLogFireStatusCheck(FlexiRuntime.java:1024) ~[FlexiServer.jar:?]
	at com.intellinum.mia.app.runtime.FlexiRuntime.handleInputData(FlexiRuntime.java:658) ~[FlexiServer.jar:?]
	at com.intellinum.mia.web.WebShell.run(WebShell.java:95) ~[FlexiServer.jar:?]
[INFO ] 2026-10-01 05:30:58.220 [SA-OB-UAT(414)-[(414)Thread-1399]-[111]] WebShell - WebShell.readInputData:BenchmarkData is end of character.
[INFO ] 2026-10-01 05:30:58.220 [SA-OB-UAT(414)-[(414)Thread-1399]-[111]] GlobalTranslation - GlobalTranslation.getTranslations:companyID=-1,language=English,originalValue=SKU
[INFO ] 2026-10-01 05:30:58.220 [SA-OB-UAT(414)-[(414)Thread-1399]-[111]] GlobalTranslation - GlobalTranslation.getTranslations:translatedValue=SKU
[INFO ] 2026-10-01 05:30:58.220 [SA-OB-UAT(414)-[(414)Thread-1399]-[111]] GlobalTranslation - GlobalTranslation.getTranslations:companyID=-1,language=English,originalValue=SKU
[INFO ] 2026-10-01 05:30:58.220 [SA-OB-UAT(414)-[(414)Thread-1399]-[111]] GlobalTranslation - GlobalTranslation.getTranslations:translatedValue=SKU
[TRACE] 2026-10-01 05:30:58.220 [SA-OB-UAT(414)-[(414)Thread-1399]-[111]] WebShell - input data is null, isAlive = false, context = com.intellinum.mia.app.runtime.Context@29a990ba , thread = Thread[SA-OB-UAT(414)-[(414)Thread-1399]-[111],5,main]
[INFO ] 2026-10-01 05:30:58.269 [SA-OB-UAT(414)-[(414)Thread-1399]-[111]] FlexiWebSocket - FlexiWebSocket.closeConnection:message LogFire Connection closed
[ERROR] 2026-10-01 05:30:58.270 [SA-OB-UAT(414)-[(414)Thread-1399]-[111]] LogFirePage - class com.intellinum.mia.app.logfire.ui.LogFirePage
java.io.IOException: null
	at com.intellinum.mia.app.logfire.logical.JSCHManager.isConnected(JSCHManager.java:124) ~[FlexiServer.jar:?]
	at com.intellinum.mia.app.logfire.logical.LogFireSSHConnection.isAvailable(LogFireSSHConnection.java:949) ~[FlexiServer.jar:?]
	at com.intellinum.mia.app.logfire.ui.LogFirePage.logFireStatusCheck(LogFirePage.java:3904) ~[FlexiServer.jar:?]
	at com.intellinum.mia.app.runtime.FlexiRuntime.handleLogFireStatusCheck(FlexiRuntime.java:1024) ~[FlexiServer.jar:?]
	at com.intellinum.mia.app.runtime.FlexiRuntime.handleInputData(FlexiRuntime.java:658) ~[FlexiServer.jar:?]
	at com.intellinum.mia.web.WebShell.run(WebShell.java:95) ~[FlexiServer.jar:?]
[INFO ] 2026-10-01 05:30:58.270 [SA-OB-UAT(414)-[(414)Thread-1399]-[111]] WebShell - WebShell.readInputData:BenchmarkData is end of character.
[INFO ] 2026-10-01 05:30:58.270 [SA-OB-UAT(414)-[(414)Thread-1399]-[111]] GlobalTranslation - GlobalTranslation.getTranslations:companyID=-1,language=English,originalValue=SKU
[INFO ] 2026-10-01 05:30:58.270 [SA-OB-UAT(414)-[(414)Thread-1399]-[111]] GlobalTranslation - GlobalTranslation.getTranslations:translatedValue=SKU
[INFO ] 2026-10-01 05:30:58.270 [SA-OB-UAT(414)-[(414)Thread-1399]-[111]] GlobalTranslation - GlobalTranslation.getTranslations:companyID=-1,language=English,originalValue=SKU
[INFO ] 2026-10-01 05:30:58.270 [SA-OB-UAT(414)-[(414)Thread-1399]-[111]] GlobalTranslation - GlobalTranslation.getTranslations:translatedValue=SKU
[TRACE] 2026-10-01 05:30:58.270 [SA-OB-UAT(414)-[(414)Thread-1399]-[111]] WebShell - input data is null, isAlive = false, context = com.intellinum.mia.app.runtime.Context@29a990ba , thread = Thread[SA-OB-UAT(414)-[(414)Thread-1399]-[111],5,main]
[INFO ] 2026-10-01 05:30:58.320 [SA-OB-UAT(414)-[(414)Thread-1399]-[111]] FlexiWebSocket - FlexiWebSocket.closeConnection:message LogFire Connection closed
[ERROR] 2026-10-01 05:30:58.320 [SA-OB-UAT(414)-[(414)Thread-1399]-[111]] LogFirePage - class com.intellinum.mia.app.logfire.ui.LogFirePage
java.io.IOException: null
	at com.intellinum.mia.app.logfire.logical.JSCHManager.isConnected(JSCHManager.java:124) ~[FlexiServer.jar:?]
	at com.intellinum.mia.app.logfire.logical.LogFireSSHConnection.isAvailable(LogFireSSHConnection.java:949) ~[FlexiServer.jar:?]
	at com.intellinum.mia.app.logfire.ui.LogFirePage.logFireStatusCheck(LogFirePage.java:3904) ~[FlexiServer.jar:?]
	at com.intellinum.mia.app.runtime.FlexiRuntime.handleLogFireStatusCheck(FlexiRuntime.java:1024) ~[FlexiServer.jar:?]
	at com.intellinum.mia.app.runtime.FlexiRuntime.handleInputData(FlexiRuntime.java:658) ~[FlexiServer.jar:?]
	at com.intellinum.mia.web.WebShell.run(WebShell.java:95) ~[FlexiServer.jar:?]
[INFO ] 2026-10-01 05:30:58.320 [SA-OB-UAT(414)-[(414)Thread-1399]-[111]] WebShell - WebShell.readInputData:BenchmarkData is end of character.
[INFO ] 2026-10-01 05:30:58.320 [SA-OB-UAT(414)-[(414)Thread-1399]-[111]] GlobalTranslation - GlobalTranslation.getTranslations:companyID=-1,language=English,originalValue=SKU
[INFO ] 2026-10-01 05:30:58.320 [SA-OB-UAT(414)-[(414)Thread-1399]-[111]] GlobalTranslation - GlobalTranslation.getTranslations:translatedValue=SKU
[INFO ] 2026-10-01 05:30:58.320 [SA-OB-UAT(414)-[(414)Thread-1399]-[111]] GlobalTranslation - GlobalTranslation.getTranslations:companyID=-1,language=English,originalValue=SKU
[INFO ] 2026-10-01 05:30:58.320 [SA-OB-UAT(414)-[(414)Thread-1399]-[111]] GlobalTranslation - GlobalTranslation.getTranslations:translatedValue=SKU
[TRACE] 2026-10-01 05:30:58.320 [SA-OB-UAT(414)-[(414)Thread-1399]-[111]] WebShell - input data is null, isAlive = false, context = com.intellinum.mia.app.runtime.Context@29a990ba , thread = Thread[SA-OB-UAT(414)-[(414)Thread-1399]-[111],5,main]
[INFO ] 2026-10-01 05:30:58.370 [SA-OB-UAT(414)-[(414)Thread-1399]-[111]] FlexiWebSocket - FlexiWebSocket.closeConnection:message LogFire Connection closed
[ERROR] 2026-10-01 05:30:58.370 [SA-OB-UAT(414)-[(414)Thread-1399]-[111]] LogFirePage - class com.intellinum.mia.app.logfire.ui.LogFirePage
java.io.IOException: null
	at com.intellinum.mia.app.logfire.logical.JSCHManager.isConnected(JSCHManager.java:124) ~[FlexiServer.jar:?]
	at com.intellinum.mia.app.logfire.logical.LogFireSSHConnection.isAvailable(LogFireSSHConnection.java:949) ~[FlexiServer.jar:?]
	at com.intellinum.mia.app.logfire.ui.LogFirePage.logFireStatusCheck(LogFirePage.java:3904) ~[FlexiServer.jar:?]
	at com.intellinum.mia.app.runtime.FlexiRuntime.handleLogFireStatusCheck(FlexiRuntime.java:1024) ~[FlexiServer.jar:?]
	at com.intellinum.mia.app.runtime.FlexiRuntime.handleInputData(FlexiRuntime.java:658) ~[FlexiServer.jar:?]
	at com.intellinum.mia.web.WebShell.run(WebShell.java:95) ~[FlexiServer.jar:?]
[INFO ] 2026-10-01 05:30:58.370 [SA-OB-UAT(414)-[(414)Thread-1399]-[111]] WebShell - WebShell.readInputData:BenchmarkData is end of character.
[INFO ] 2026-10-01 05:30:58.370 [SA-OB-UAT(414)-[(414)Thread-1399]-[111]] GlobalTranslation - GlobalTranslation.getTranslations:companyID=-1,language=English,originalValue=SKU
[INFO ] 2026-10-01 05:30:58.370 [SA-OB-UAT(414)-[(414)Thread-1399]-[111]] GlobalTranslation - GlobalTranslation.getTranslations:translatedValue=SKU
[INFO ] 2026-10-01 05:30:58.370 [SA-OB-UAT(414)-[(414)Thread-1399]-[111]] GlobalTranslation - GlobalTranslation.getTranslations:companyID=-1,language=English,originalValue=SKU
[INFO ] 2026-10-01 05:30:58.370 [SA-OB-UAT(414)-[(414)Thread-1399]-[111]] GlobalTranslation - GlobalTranslation.getTranslations:translatedValue=SKU
[TRACE] 2026-10-01 05:30:58.370 [SA-OB-UAT(414)-[(414)Thread-1399]-[111]] WebShell - input data is null, isAlive = false, context = com.intellinum.mia.app.runtime.Context@29a990ba , thread = Thread[SA-OB-UAT(414)-[(414)Thread-1399]-[111],5,main]
[INFO ] 2026-10-01 05:30:58.420 [SA-OB-UAT(414)-[(414)Thread-1399]-[111]] FlexiWebSocket - FlexiWebSocket.closeConnection:message LogFire Connection closed
[ERROR] 2026-10-01 05:30:58.420 [SA-OB-UAT(414)-[(414)Thread-1399]-[111]] LogFirePage - class com.intellinum.mia.app.logfire.ui.LogFirePage
java.io.IOException: null
	at com.intellinum.mia.app.logfire.logical.JSCHManager.isConnected(JSCHManager.java:124) ~[FlexiServer.jar:?]
	at com.intellinum.mia.app.logfire.logical.LogFireSSHConnection.isAvailable(LogFireSSHConnection.java:949) ~[FlexiServer.jar:?]
	at com.intellinum.mia.app.logfire.ui.LogFirePage.logFireStatusCheck(LogFirePage.java:3904) ~[FlexiServer.jar:?]
	at com.intellinum.mia.app.runtime.FlexiRuntime.handleLogFireStatusCheck(FlexiRuntime.java:1024) ~[FlexiServer.jar:?]
	at com.intellinum.mia.app.runtime.FlexiRuntime.handleInputData(FlexiRuntime.java:658) ~[FlexiServer.jar:?]
	at com.intellinum.mia.web.WebShell.run(WebShell.java:95) ~[FlexiServer.jar:?]
[INFO ] 2026-10-01 05:30:58.420 [SA-OB-UAT(414)-[(414)Thread-1399]-[111]] WebShell - WebShell.readInputData:BenchmarkData is end of character.
[INFO ] 2026-10-01 05:30:58.420 [SA-OB-UAT(414)-[(414)Thread-1399]-[111]] GlobalTranslation - GlobalTranslation.getTranslations:companyID=-1,language=English,originalValue=SKU
[INFO ] 2026-10-01 05:30:58.420 [SA-OB-UAT(414)-[(414)Thread-1399]-[111]] GlobalTranslation - GlobalTranslation.getTranslations:translatedValue=SKU
[INFO ] 2026-10-01 05:30:58.420 [SA-OB-UAT(414)-[(414)Thread-1399]-[111]] GlobalTranslation - GlobalTranslation.getTranslations:companyID=-1,language=English,originalValue=SKU
[INFO ] 2026-10-01 05:30:58.420 [SA-OB-UAT(414)-[(414)Thread-1399]-[111]] GlobalTranslation - GlobalTranslation.getTranslations:translatedValue=SKU
[TRACE] 2026-10-01 05:30:58.420 [SA-OB-UAT(414)-[(414)Thread-1399]-[111]] WebShell - input data is null, isAlive = false, context = com.intellinum.mia.app.runtime.Context@29a990ba , thread = Thread[SA-OB-UAT(414)-[(414)Thread-1399]-[111],5,main]
[INFO ] 2026-10-01 05:30:58.470 [SA-OB-UAT(414)-[(414)Thread-1399]-[111]] FlexiWebSocket - FlexiWebSocket.closeConnection:message LogFire Connection closed
[ERROR] 2026-10-01 05:30:58.470 [SA-OB-UAT(414)-[(414)Thread-1399]-[111]] LogFirePage - class com.intellinum.mia.app.logfire.ui.LogFirePage
java.io.IOException: null
	at com.intellinum.mia.app.logfire.logical.JSCHManager.isConnected(JSCHManager.java:124) ~[FlexiServer.jar:?]
	at com.intellinum.mia.app.logfire.logical.LogFireSSHConnection.isAvailable(LogFireSSHConnection.java:949) ~[FlexiServer.jar:?]
	at com.intellinum.mia.app.logfire.ui.LogFirePage.logFireStatusCheck(LogFirePage.java:3904) ~[FlexiServer.jar:?]
	at com.intellinum.mia.app.runtime.FlexiRuntime.handleLogFireStatusCheck(FlexiRuntime.java:1024) ~[FlexiServer.jar:?]
	at com.intellinum.mia.app.runtime.FlexiRuntime.handleInputData(FlexiRuntime.java:658) ~[FlexiServer.jar:?]
	at com.intellinum.mia.web.WebShell.run(WebShell.java:95) ~[FlexiServer.jar:?]
[INFO ] 2026-10-01 05:30:58.470 [SA-OB-UAT(414)-[(414)Thread-1399]-[111]] WebShell - WebShell.readInputData:BenchmarkData is end of character.
[INFO ] 2026-10-01 05:30:58.470 [SA-OB-UAT(414)-[(414)Thread-1399]-[111]] GlobalTranslation - GlobalTranslation.getTranslations:companyID=-1,language=English,originalValue=SKU
[INFO ] 2026-10-01 05:30:58.470 [SA-OB-UAT(414)-[(414)Thread-1399]-[111]] GlobalTranslation - GlobalTranslation.getTranslations:translatedValue=SKU
[INFO ] 2026-10-01 05:30:58.470 [SA-OB-UAT(414)-[(414)Thread-1399]-[111]] GlobalTranslation - GlobalTranslation.getTranslations:companyID=-1,language=English,originalValue=SKU
[INFO ] 2026-10-01 05:30:58.470 [SA-OB-UAT(414)-[(414)Thread-1399]-[111]] GlobalTranslation - GlobalTranslation.getTranslations:translatedValue=SKU
[TRACE] 2026-10-01 05:30:58.470 [SA-OB-UAT(414)-[(414)Thread-1399]-[111]] WebShell - input data is null, isAlive = false, context = com.intellinum.mia.app.runtime.Context@29a990ba , thread = Thread[SA-OB-UAT(414)-[(414)Thread-1399]-[111],5,main]
[INFO ] 2026-10-01 05:30:58.520 [SA-OB-UAT(414)-[(414)Thread-1399]-[111]] FlexiWebSocket - FlexiWebSocket.closeConnection:message LogFire Connection closed
[ERROR] 2026-10-01 05:30:58.520 [SA-OB-UAT(414)-[(414)Thread-1399]-[111]] LogFirePage - class com.intellinum.mia.app.logfire.ui.LogFirePage
java.io.IOException: null
	at com.intellinum.mia.app.logfire.logical.JSCHManager.isConnected(JSCHManager.java:124) ~[FlexiServer.jar:?]
	at com.intellinum.mia.app.logfire.logical.LogFireSSHConnection.isAvailable(LogFireSSHConnection.java:949) ~[FlexiServer.jar:?]
	at com.intellinum.mia.app.logfire.ui.LogFirePage.logFireStatusCheck(LogFirePage.java:3904) ~[FlexiServer.jar:?]
	at com.intellinum.mia.app.runtime.FlexiRuntime.handleLogFireStatusCheck(FlexiRuntime.java:1024) ~[FlexiServer.jar:?]
	at com.intellinum.mia.app.runtime.FlexiRuntime.handleInputData(FlexiRuntime.java:658) ~[FlexiServer.jar:?]
	at com.intellinum.mia.web.WebShell.run(WebShell.java:95) ~[FlexiServer.jar:?]
[INFO ] 2026-10-01 05:30:58.520 [SA-OB-UAT(414)-[(414)Thread-1399]-[111]] WebShell - WebShell.readInputData:BenchmarkData is end of character.
[INFO ] 2026-10-01 05:30:58.520 [SA-OB-UAT(414)-[(414)Thread-1399]-[111]] GlobalTranslation - GlobalTranslation.getTranslations:companyID=-1,language=English,originalValue=SKU
[INFO ] 2026-10-01 05:30:58.520 [SA-OB-UAT(414)-[(414)Thread-1399]-[111]] GlobalTranslation - GlobalTranslation.getTranslations:translatedValue=SKU
[INFO ] 2026-10-01 05:30:58.520 [SA-OB-UAT(414)-[(414)Thread-1399]-[111]] GlobalTranslation - GlobalTranslation.getTranslations:companyID=-1,language=English,originalValue=SKU
[INFO ] 2026-10-01 05:30:58.520 [SA-OB-UAT(414)-[(414)Thread-1399]-[111]] GlobalTranslation - GlobalTranslation.getTranslations:translatedValue=SKU
[TRACE] 2026-10-01 05:30:58.520 [SA-OB-UAT(414)-[(414)Thread-1399]-[111]] WebShell - input data is null, isAlive = false, context = com.intellinum.mia.app.runtime.Context@29a990ba , thread = Thread[SA-OB-UAT(414)-[(414)Thread-1399]-[111],5,main]
[INFO ] 2026-10-01 05:30:58.570 [SA-OB-UAT(414)-[(414)Thread-1399]-[111]] FlexiWebSocket - FlexiWebSocket.closeConnection:message LogFire Connection closed
[ERROR] 2026-10-01 05:30:58.570 [SA-OB-UAT(414)-[(414)Thread-1399]-[111]] LogFirePage - class com.intellinum.mia.app.logfire.ui.LogFirePage
java.io.IOException: null
	at com.intellinum.mia.app.logfire.logical.JSCHManager.isConnected(JSCHManager.java:124) ~[FlexiServer.jar:?]
	at com.intellinum.mia.app.logfire.logical.LogFireSSHConnection.isAvailable(LogFireSSHConnection.java:949) ~[FlexiServer.jar:?]
	at com.intellinum.mia.app.logfire.ui.LogFirePage.logFireStatusCheck(LogFirePage.java:3904) ~[FlexiServer.jar:?]
	at com.intellinum.mia.app.runtime.FlexiRuntime.handleLogFireStatusCheck(FlexiRuntime.java:1024) ~[FlexiServer.jar:?]
	at com.intellinum.mia.app.runtime.FlexiRuntime.handleInputData(FlexiRuntime.java:658) ~[FlexiServer.jar:?]
	at com.intellinum.mia.web.WebShell.run(WebShell.java:95) ~[FlexiServer.jar:?]
[INFO ] 2026-10-01 05:30:58.570 [SA-OB-UAT(414)-[(414)Thread-1399]-[111]] WebShell - WebShell.readInputData:BenchmarkData is end of character.
[INFO ] 2026-10-01 05:30:58.570 [SA-OB-UAT(414)-[(414)Thread-1399]-[111]] GlobalTranslation - GlobalTranslation.getTranslations:companyID=-1,language=English,originalValue=SKU
[INFO ] 2026-10-01 05:30:58.570 [SA-OB-UAT(414)-[(414)Thread-1399]-[111]] GlobalTranslation - GlobalTranslation.getTranslations:translatedValue=SKU
[INFO ] 2026-10-01 05:30:58.570 [SA-OB-UAT(414)-[(414)Thread-1399]-[111]] GlobalTranslation - GlobalTranslation.getTranslations:companyID=-1,language=English,originalValue=SKU
[INFO ] 2026-10-01 05:30:58.570 [SA-OB-UAT(414)-[(414)Thread-1399]-[111]] GlobalTranslation - GlobalTranslation.getTranslations:translatedValue=SKU
[TRACE] 2026-10-01 05:30:58.570 [SA-OB-UAT(414)-[(414)Thread-1399]-[111]] WebShell - input data is null, isAlive = false, context = com.intellinum.mia.app.runtime.Context@29a990ba , thread = Thread[SA-OB-UAT(414)-[(414)Thread-1399]-[111],5,main]
[INFO ] 2026-10-01 05:30:58.620 [SA-OB-UAT(414)-[(414)Thread-1399]-[111]] FlexiWebSocket - FlexiWebSocket.closeConnection:message LogFire Connection closed
[ERROR] 2026-10-01 05:30:58.620 [SA-OB-UAT(414)-[(414)Thread-1399]-[111]] LogFirePage - class com.intellinum.mia.app.logfire.ui.LogFirePage
java.io.IOException: null
	at com.intellinum.mia.app.logfire.logical.JSCHManager.isConnected(JSCHManager.java:124) ~[FlexiServer.jar:?]
	at com.intellinum.mia.app.logfire.logical.LogFireSSHConnection.isAvailable(LogFireSSHConnection.java:949) ~[FlexiServer.jar:?]
	at com.intellinum.mia.app.logfire.ui.LogFirePage.logFireStatusCheck(LogFirePage.java:3904) ~[FlexiServer.jar:?]
	at com.intellinum.mia.app.runtime.FlexiRuntime.handleLogFireStatusCheck(FlexiRuntime.java:1024) ~[FlexiServer.jar:?]
	at com.intellinum.mia.app.runtime.FlexiRuntime.handleInputData(FlexiRuntime.java:658) ~[FlexiServer.jar:?]
	at com.intellinum.mia.web.WebShell.run(WebShell.java:95) ~[FlexiServer.jar:?]
[INFO ] 2026-10-01 05:30:58.620 [SA-OB-UAT(414)-[(414)Thread-1399]-[111]] WebShell - WebShell.readInputData:BenchmarkData is end of character.
[INFO ] 2026-10-01 05:30:58.620 [SA-OB-UAT(414)-[(414)Thread-1399]-[111]] GlobalTranslation - GlobalTranslation.getTranslations:companyID=-1,language=English,originalValue=SKU
[INFO ] 2026-10-01 05:30:58.620 [SA-OB-UAT(414)-[(414)Thread-1399]-[111]] GlobalTranslation - GlobalTranslation.getTranslations:translatedValue=SKU
[INFO ] 2026-10-01 05:30:58.620 [SA-OB-UAT(414)-[(414)Thread-1399]-[111]] GlobalTranslation - GlobalTranslation.getTranslations:companyID=-1,language=English,originalValue=SKU
[INFO ] 2026-10-01 05:30:58.620 [SA-OB-UAT(414)-[(414)Thread-1399]-[111]] GlobalTranslation - GlobalTranslation.getTranslations:translatedValue=SKU
[TRACE] 2026-10-01 05:30:58.620 [SA-OB-UAT(414)-[(414)Thread-1399]-[111]] WebShell - input data is null, isAlive = false, context = com.intellinum.mia.app.runtime.Context@29a990ba , thread = Thread[SA-OB-UAT(414)-[(414)Thread-1399]-[111],5,main]
[INFO ] 2026-10-01 05:30:58.670 [SA-OB-UAT(414)-[(414)Thread-1399]-[111]] FlexiWebSocket - FlexiWebSocket.closeConnection:message LogFire Connection closed
[ERROR] 2026-10-01 05:30:58.670 [SA-OB-UAT(414)-[(414)Thread-1399]-[111]] LogFirePage - class com.intellinum.mia.app.logfire.ui.LogFirePage
java.io.IOException: null
	at com.intellinum.mia.app.logfire.logical.JSCHManager.isConnected(JSCHManager.java:124) ~[FlexiServer.jar:?]
	at com.intellinum.mia.app.logfire.logical.LogFireSSHConnection.isAvailable(LogFireSSHConnection.java:949) ~[FlexiServer.jar:?]
	at com.intellinum.mia.app.logfire.ui.LogFirePage.logFireStatusCheck(LogFirePage.java:3904) ~[FlexiServer.jar:?]
	at com.intellinum.mia.app.runtime.FlexiRuntime.handleLogFireStatusCheck(FlexiRuntime.java:1024) ~[FlexiServer.jar:?]
	at com.intellinum.mia.app.runtime.FlexiRuntime.handleInputData(FlexiRuntime.java:658) ~[FlexiServer.jar:?]
	at com.intellinum.mia.web.WebShell.run(WebShell.java:95) ~[FlexiServer.jar:?]
[INFO ] 2026-10-01 05:30:58.670 [SA-OB-UAT(414)-[(414)Thread-1399]-[111]] WebShell - WebShell.readInputData:BenchmarkData is end of character.
[INFO ] 2026-10-01 05:30:58.670 [SA-OB-UAT(414)-[(414)Thread-1399]-[111]] GlobalTranslation - GlobalTranslation.getTranslations:companyID=-1,language=English,originalValue=SKU
[INFO ] 2026-10-01 05:30:58.670 [SA-OB-UAT(414)-[(414)Thread-1399]-[111]] GlobalTranslation - GlobalTranslation.getTranslations:translatedValue=SKU
[INFO ] 2026-10-01 05:30:58.670 [SA-OB-UAT(414)-[(414)Thread-1399]-[111]] GlobalTranslation - GlobalTranslation.getTranslations:companyID=-1,language=English,originalValue=SKU
[INFO ] 2026-10-01 05:30:58.670 [SA-OB-UAT(414)-[(414)Thread-1399]-[111]] GlobalTranslation - GlobalTranslation.getTranslations:translatedValue=SKU
[TRACE] 2026-10-01 05:30:58.670 [SA-OB-UAT(414)-[(414)Thread-1399]-[111]] WebShell - input data is null, isAlive = false, context = com.intellinum.mia.app.runtime.Context@29a990ba , thread = Thread[SA-OB-UAT(414)-[(414)Thread-1399]-[111],5,main]
[INFO ] 2026-10-01 05:30:58.720 [SA-OB-UAT(414)-[(414)Thread-1399]-[111]] FlexiWebSocket - FlexiWebSocket.closeConnection:message LogFire Connection closed
[ERROR] 2026-10-01 05:30:58.720 [SA-OB-UAT(414)-[(414)Thread-1399]-[111]] LogFirePage - class com.intellinum.mia.app.logfire.ui.LogFirePage
java.io.IOException: null
	at com.intellinum.mia.app.logfire.logical.JSCHManager.isConnected(JSCHManager.java:124) ~[FlexiServer.jar:?]
	at com.intellinum.mia.app.logfire.logical.LogFireSSHConnection.isAvailable(LogFireSSHConnection.java:949) ~[FlexiServer.jar:?]
	at com.intellinum.mia.app.logfire.ui.LogFirePage.logFireStatusCheck(LogFirePage.java:3904) ~[FlexiServer.jar:?]
	at com.intellinum.mia.app.runtime.FlexiRuntime.handleLogFireStatusCheck(FlexiRuntime.java:1024) ~[FlexiServer.jar:?]
	at com.intellinum.mia.app.runtime.FlexiRuntime.handleInputData(FlexiRuntime.java:658) ~[FlexiServer.jar:?]
	at com.intellinum.mia.web.WebShell.run(WebShell.java:95) ~[FlexiServer.jar:?]
[INFO ] 2026-10-01 05:30:58.720 [SA-OB-UAT(414)-[(414)Thread-1399]-[111]] WebShell - WebShell.readInputData:BenchmarkData is end of character.
[INFO ] 2026-10-01 05:30:58.720 [SA-OB-UAT(414)-[(414)Thread-1399]-[111]] GlobalTranslation - GlobalTranslation.getTranslations:companyID=-1,language=English,originalValue=SKU
[INFO ] 2026-10-01 05:30:58.720 [SA-OB-UAT(414)-[(414)Thread-1399]-[111]] GlobalTranslation - GlobalTranslation.getTranslations:translatedValue=SKU
[INFO ] 2026-10-01 05:30:58.720 [SA-OB-UAT(414)-[(414)Thread-1399]-[111]] GlobalTranslation - GlobalTranslation.getTranslations:companyID=-1,language=English,originalValue=SKU
[INFO ] 2026-10-01 05:30:58.720 [SA-OB-UAT(414)-[(414)Thread-1399]-[111]] GlobalTranslation - GlobalTranslation.getTranslations:translatedValue=SKU
[TRACE] 2026-10-01 05:30:58.720 [SA-OB-UAT(414)-[(414)Thread-1399]-[111]] WebShell - input data is null, isAlive = false, context = com.intellinum.mia.app.runtime.Context@29a990ba , thread = Thread[SA-OB-UAT(414)-[(414)Thread-1399]-[111],5,main]
[INFO ] 2026-10-01 05:30:58.770 [SA-OB-UAT(414)-[(414)Thread-1399]-[111]] FlexiWebSocket - FlexiWebSocket.closeConnection:message LogFire Connection closed
[ERROR] 2026-10-01 05:30:58.770 [SA-OB-UAT(414)-[(414)Thread-1399]-[111]] LogFirePage - class com.intellinum.mia.app.logfire.ui.LogFirePage
java.io.IOException: null
	at com.intellinum.mia.app.logfire.logical.JSCHManager.isConnected(JSCHManager.java:124) ~[FlexiServer.jar:?]
	at com.intellinum.mia.app.logfire.logical.LogFireSSHConnection.isAvailable(LogFireSSHConnection.java:949) ~[FlexiServer.jar:?]
	at com.intellinum.mia.app.logfire.ui.LogFirePage.logFireStatusCheck(LogFirePage.java:3904) ~[FlexiServer.jar:?]
	at com.intellinum.mia.app.runtime.FlexiRuntime.handleLogFireStatusCheck(FlexiRuntime.java:1024) ~[FlexiServer.jar:?]
	at com.intellinum.mia.app.runtime.FlexiRuntime.handleInputData(FlexiRuntime.java:658) ~[FlexiServer.jar:?]
	at com.intellinum.mia.web.WebShell.run(WebShell.java:95) ~[FlexiServer.jar:?]
[INFO ] 2026-10-01 05:30:58.770 [SA-OB-UAT(414)-[(414)Thread-1399]-[111]] WebShell - WebShell.readInputData:BenchmarkData is end of character.
[INFO ] 2026-10-01 05:30:58.770 [SA-OB-UAT(414)-[(414)Thread-1399]-[111]] GlobalTranslation - GlobalTranslation.getTranslations:companyID=-1,language=English,originalValue=SKU
[INFO ] 2026-10-01 05:30:58.770 [SA-OB-UAT(414)-[(414)Thread-1399]-[111]] GlobalTranslation - GlobalTranslation.getTranslations:translatedValue=SKU
[INFO ] 2026-10-01 05:30:58.770 [SA-OB-UAT(414)-[(414)Thread-1399]-[111]] GlobalTranslation - GlobalTranslation.getTranslations:companyID=-1,language=English,originalValue=SKU
[INFO ] 2026-10-01 05:30:58.770 [SA-OB-UAT(414)-[(414)Thread-1399]-[111]] GlobalTranslation - GlobalTranslation.getTranslations:translatedValue=SKU
[TRACE] 2026-10-01 05:30:58.770 [SA-OB-UAT(414)-[(414)Thread-1399]-[111]] WebShell - input data is null, isAlive = false, context = com.intellinum.mia.app.runtime.Context@29a990ba , thread = Thread[SA-OB-UAT(414)-[(414)Thread-1399]-[111],5,main]
[INFO ] 2026-10-01 05:30:58.820 [SA-OB-UAT(414)-[(414)Thread-1399]-[111]] FlexiWebSocket - FlexiWebSocket.closeConnection:message LogFire Connection closed
[ERROR] 2026-10-01 05:30:58.820 [SA-OB-UAT(414)-[(414)Thread-1399]-[111]] LogFirePage - class com.intellinum.mia.app.logfire.ui.LogFirePage
java.io.IOException: null
	at com.intellinum.mia.app.logfire.logical.JSCHManager.isConnected(JSCHManager.java:124) ~[FlexiServer.jar:?]
	at com.intellinum.mia.app.logfire.logical.LogFireSSHConnection.isAvailable(LogFireSSHConnection.java:949) ~[FlexiServer.jar:?]
	at com.intellinum.mia.app.logfire.ui.LogFirePage.logFireStatusCheck(LogFirePage.java:3904) ~[FlexiServer.jar:?]
	at com.intellinum.mia.app.runtime.FlexiRuntime.handleLogFireStatusCheck(FlexiRuntime.java:1024) ~[FlexiServer.jar:?]
	at com.intellinum.mia.app.runtime.FlexiRuntime.handleInputData(FlexiRuntime.java:658) ~[FlexiServer.jar:?]
	at com.intellinum.mia.web.WebShell.run(WebShell.java:95) ~[FlexiServer.jar:?]
[INFO ] 2026-10-01 05:30:58.820 [SA-OB-UAT(414)-[(414)Thread-1399]-[111]] WebShell - WebShell.readInputData:BenchmarkData is end of character.
[INFO ] 2026-10-01 05:30:58.820 [SA-OB-UAT(414)-[(414)Thread-1399]-[111]] GlobalTranslation - GlobalTranslation.getTranslations:companyID=-1,language=English,originalValue=SKU
[INFO ] 2026-10-01 05:30:58.820 [SA-OB-UAT(414)-[(414)Thread-1399]-[111]] GlobalTranslation - GlobalTranslation.getTranslations:translatedValue=SKU
[INFO ] 2026-10-01 05:30:58.820 [SA-OB-UAT(414)-[(414)Thread-1399]-[111]] GlobalTranslation - GlobalTranslation.getTranslations:companyID=-1,language=English,originalValue=SKU
[INFO ] 2026-10-01 05:30:58.820 [SA-OB-UAT(414)-[(414)Thread-1399]-[111]] GlobalTranslation - GlobalTranslation.getTranslations:translatedValue=SKU
[TRACE] 2026-10-01 05:30:58.820 [SA-OB-UAT(414)-[(414)Thread-1399]-[111]] WebShell - input data is null, isAlive = false, context = com.intellinum.mia.app.runtime.Context@29a990ba , thread = Thread[SA-OB-UAT(414)-[(414)Thread-1399]-[111],5,main]
[INFO ] 2026-10-01 05:30:58.870 [SA-OB-UAT(414)-[(414)Thread-1399]-[111]] FlexiWebSocket - FlexiWebSocket.closeConnection:message LogFire Connection closed
[ERROR] 2026-10-01 05:30:58.871 [SA-OB-UAT(414)-[(414)Thread-1399]-[111]] LogFirePage - class com.intellinum.mia.app.logfire.ui.LogFirePage
java.io.IOException: null
	at com.intellinum.mia.app.logfire.logical.JSCHManager.isConnected(JSCHManager.java:124) ~[FlexiServer.jar:?]
	at com.intellinum.mia.app.logfire.logical.LogFireSSHConnection.isAvailable(LogFireSSHConnection.java:949) ~[FlexiServer.jar:?]
	at com.intellinum.mia.app.logfire.ui.LogFirePage.logFireStatusCheck(LogFirePage.java:3904) ~[FlexiServer.jar:?]
	at com.intellinum.mia.app.runtime.FlexiRuntime.handleLogFireStatusCheck(FlexiRuntime.java:1024) ~[FlexiServer.jar:?]
	at com.intellinum.mia.app.runtime.FlexiRuntime.handleInputData(FlexiRuntime.java:658) ~[FlexiServer.jar:?]
	at com.intellinum.mia.web.WebShell.run(WebShell.java:95) ~[FlexiServer.jar:?]
[INFO ] 2026-10-01 05:30:58.871 [SA-OB-UAT(414)-[(414)Thread-1399]-[111]] WebShell - WebShell.readInputData:BenchmarkData is end of character.
[INFO ] 2026-10-01 05:30:58.871 [SA-OB-UAT(414)-[(414)Thread-1399]-[111]] GlobalTranslation - GlobalTranslation.getTranslations:companyID=-1,language=English,originalValue=SKU
[INFO ] 2026-10-01 05:30:58.871 [SA-OB-UAT(414)-[(414)Thread-1399]-[111]] GlobalTranslation - GlobalTranslation.getTranslations:translatedValue=SKU
[INFO ] 2026-10-01 05:30:58.871 [SA-OB-UAT(414)-[(414)Thread-1399]-[111]] GlobalTranslation - GlobalTranslation.getTranslations:companyID=-1,language=English,originalValue=SKU
[INFO ] 2026-10-01 05:30:58.871 [SA-OB-UAT(414)-[(414)Thread-1399]-[111]] GlobalTranslation - GlobalTranslation.getTranslations:translatedValue=SKU
[TRACE] 2026-10-01 05:30:58.871 [SA-OB-UAT(414)-[(414)Thread-1399]-[111]] WebShell - input data is null, isAlive = false, context = com.intellinum.mia.app.runtime.Context@29a990ba , thread = Thread[SA-OB-UAT(414)-[(414)Thread-1399]-[111],5,main]
[INFO ] 2026-10-01 05:30:58.921 [SA-OB-UAT(414)-[(414)Thread-1399]-[111]] FlexiWebSocket - FlexiWebSocket.closeConnection:message LogFire Connection closed
[ERROR] 2026-10-01 05:30:58.921 [SA-OB-UAT(414)-[(414)Thread-1399]-[111]] LogFirePage - class com.intellinum.mia.app.logfire.ui.LogFirePage
java.io.IOException: null
	at com.intellinum.mia.app.logfire.logical.JSCHManager.isConnected(JSCHManager.java:124) ~[FlexiServer.jar:?]
	at com.intellinum.mia.app.logfire.logical.LogFireSSHConnection.isAvailable(LogFireSSHConnection.java:949) ~[FlexiServer.jar:?]
	at com.intellinum.mia.app.logfire.ui.LogFirePage.logFireStatusCheck(LogFirePage.java:3904) ~[FlexiServer.jar:?]
	at com.intellinum.mia.app.runtime.FlexiRuntime.handleLogFireStatusCheck(FlexiRuntime.java:1024) ~[FlexiServer.jar:?]
	at com.intellinum.mia.app.runtime.FlexiRuntime.handleInputData(FlexiRuntime.java:658) ~[FlexiServer.jar:?]
	at com.intellinum.mia.web.WebShell.run(WebShell.java:95) ~[FlexiServer.jar:?]
[INFO ] 2026-10-01 05:30:58.921 [SA-OB-UAT(414)-[(414)Thread-1399]-[111]] WebShell - WebShell.readInputData:BenchmarkData is end of character.
[INFO ] 2026-10-01 05:30:58.921 [SA-OB-UAT(414)-[(414)Thread-1399]-[111]] GlobalTranslation - GlobalTranslation.getTranslations:companyID=-1,language=English,originalValue=SKU
[INFO ] 2026-10-01 05:30:58.921 [SA-OB-UAT(414)-[(414)Thread-1399]-[111]] GlobalTranslation - GlobalTranslation.getTranslations:translatedValue=SKU
[INFO ] 2026-10-01 05:30:58.921 [SA-OB-UAT(414)-[(414)Thread-1399]-[111]] GlobalTranslation - GlobalTranslation.getTranslations:companyID=-1,language=English,originalValue=SKU
[INFO ] 2026-10-01 05:30:58.921 [SA-OB-UAT(414)-[(414)Thread-1399]-[111]] GlobalTranslation - GlobalTranslation.getTranslations:translatedValue=SKU
[TRACE] 2026-10-01 05:30:58.921 [SA-OB-UAT(414)-[(414)Thread-1399]-[111]] WebShell - input data is null, isAlive = false, context = com.intellinum.mia.app.runtime.Context@29a990ba , thread = Thread[SA-OB-UAT(414)-[(414)Thread-1399]-[111],5,main]
[INFO ] 2026-10-01 05:30:58.971 [SA-OB-UAT(414)-[(414)Thread-1399]-[111]] FlexiWebSocket - FlexiWebSocket.closeConnection:message LogFire Connection closed
[ERROR] 2026-10-01 05:30:58.971 [SA-OB-UAT(414)-[(414)Thread-1399]-[111]] LogFirePage - class com.intellinum.mia.app.logfire.ui.LogFirePage
java.io.IOException: null
	at com.intellinum.mia.app.logfire.logical.JSCHManager.isConnected(JSCHManager.java:124) ~[FlexiServer.jar:?]
	at com.intellinum.mia.app.logfire.logical.LogFireSSHConnection.isAvailable(LogFireSSHConnection.java:949) ~[FlexiServer.jar:?]
	at com.intellinum.mia.app.logfire.ui.LogFirePage.logFireStatusCheck(LogFirePage.java:3904) ~[FlexiServer.jar:?]
	at com.intellinum.mia.app.runtime.FlexiRuntime.handleLogFireStatusCheck(FlexiRuntime.java:1024) ~[FlexiServer.jar:?]
	at com.intellinum.mia.app.runtime.FlexiRuntime.handleInputData(FlexiRuntime.java:658) ~[FlexiServer.jar:?]
	at com.intellinum.mia.web.WebShell.run(WebShell.java:95) ~[FlexiServer.jar:?]
[INFO ] 2026-10-01 05:30:58.971 [SA-OB-UAT(414)-[(414)Thread-1399]-[111]] WebShell - WebShell.readInputData:BenchmarkData is end of character.
[INFO ] 2026-10-01 05:30:58.971 [SA-OB-UAT(414)-[(414)Thread-1399]-[111]] GlobalTranslation - GlobalTranslation.getTranslations:companyID=-1,language=English,originalValue=SKU
[INFO ] 2026-10-01 05:30:58.971 [SA-OB-UAT(414)-[(414)Thread-1399]-[111]] GlobalTranslation - GlobalTranslation.getTranslations:translatedValue=SKU
[INFO ] 2026-10-01 05:30:58.971 [SA-OB-UAT(414)-[(414)Thread-1399]-[111]] GlobalTranslation - GlobalTranslation.getTranslations:companyID=-1,language=English,originalValue=SKU
[INFO ] 2026-10-01 05:30:58.971 [SA-OB-UAT(414)-[(414)Thread-1399]-[111]] GlobalTranslation - GlobalTranslation.getTranslations:translatedValue=SKU
[TRACE] 2026-10-01 05:30:58.971 [SA-OB-UAT(414)-[(414)Thread-1399]-[111]] WebShell - input data is null, isAlive = false, context = com.intellinum.mia.app.runtime.Context@29a990ba , thread = Thread[SA-OB-UAT(414)-[(414)Thread-1399]-[111],5,main]
[INFO ] 2026-10-01 05:30:59.021 [SA-OB-UAT(414)-[(414)Thread-1399]-[111]] FlexiWebSocket - FlexiWebSocket.closeConnection:message LogFire Connection closed
[ERROR] 2026-10-01 05:30:59.021 [SA-OB-UAT(414)-[(414)Thread-1399]-[111]] LogFirePage - class com.intellinum.mia.app.logfire.ui.LogFirePage
java.io.IOException: null
	at com.intellinum.mia.app.logfire.logical.JSCHManager.isConnected(JSCHManager.java:124) ~[FlexiServer.jar:?]
	at com.intellinum.mia.app.logfire.logical.LogFireSSHConnection.isAvailable(LogFireSSHConnection.java:949) ~[FlexiServer.jar:?]
	at com.intellinum.mia.app.logfire.ui.LogFirePage.logFireStatusCheck(LogFirePage.java:3904) ~[FlexiServer.jar:?]
	at com.intellinum.mia.app.runtime.FlexiRuntime.handleLogFireStatusCheck(FlexiRuntime.java:1024) ~[FlexiServer.jar:?]
	at com.intellinum.mia.app.runtime.FlexiRuntime.handleInputData(FlexiRuntime.java:658) ~[FlexiServer.jar:?]
	at com.intellinum.mia.web.WebShell.run(WebShell.java:95) ~[FlexiServer.jar:?]
[INFO ] 2026-10-01 05:30:59.021 [SA-OB-UAT(414)-[(414)Thread-1399]-[111]] WebShell - WebShell.readInputData:BenchmarkData is end of character.
[INFO ] 2026-10-01 05:30:59.021 [SA-OB-UAT(414)-[(414)Thread-1399]-[111]] GlobalTranslation - GlobalTranslation.getTranslations:companyID=-1,language=English,originalValue=SKU
[INFO ] 2026-10-01 05:30:59.021 [SA-OB-UAT(414)-[(414)Thread-1399]-[111]] GlobalTranslation - GlobalTranslation.getTranslations:translatedValue=SKU
[INFO ] 2026-10-01 05:30:59.021 [SA-OB-UAT(414)-[(414)Thread-1399]-[111]] GlobalTranslation - GlobalTranslation.getTranslations:companyID=-1,language=English,originalValue=SKU
[INFO ] 2026-10-01 05:30:59.021 [SA-OB-UAT(414)-[(414)Thread-1399]-[111]] GlobalTranslation - GlobalTranslation.getTranslations:translatedValue=SKU
[TRACE] 2026-10-01 05:30:59.021 [SA-OB-UAT(414)-[(414)Thread-1399]-[111]] WebShell - input data is null, isAlive = false, context = com.intellinum.mia.app.runtime.Context@29a990ba , thread = Thread[SA-OB-UAT(414)-[(414)Thread-1399]-[111],5,main]
[INFO ] 2026-10-01 05:30:59.071 [SA-OB-UAT(414)-[(414)Thread-1399]-[111]] FlexiWebSocket - FlexiWebSocket.closeConnection:message LogFire Connection closed
[ERROR] 2026-10-01 05:30:59.071 [SA-OB-UAT(414)-[(414)Thread-1399]-[111]] LogFirePage - class com.intellinum.mia.app.logfire.ui.LogFirePage
java.io.IOException: null
	at com.intellinum.mia.app.logfire.logical.JSCHManager.isConnected(JSCHManager.java:124) ~[FlexiServer.jar:?]
	at com.intellinum.mia.app.logfire.logical.LogFireSSHConnection.isAvailable(LogFireSSHConnection.java:949) ~[FlexiServer.jar:?]
	at com.intellinum.mia.app.logfire.ui.LogFirePage.logFireStatusCheck(LogFirePage.java:3904) ~[FlexiServer.jar:?]
	at com.intellinum.mia.app.runtime.FlexiRuntime.handleLogFireStatusCheck(FlexiRuntime.java:1024) ~[FlexiServer.jar:?]
	at com.intellinum.mia.app.runtime.FlexiRuntime.handleInputData(FlexiRuntime.java:658) ~[FlexiServer.jar:?]
	at com.intellinum.mia.web.WebShell.run(WebShell.java:95) ~[FlexiServer.jar:?]
[INFO ] 2026-10-01 05:30:59.071 [SA-OB-UAT(414)-[(414)Thread-1399]-[111]] WebShell - WebShell.readInputData:BenchmarkData is end of character.
[INFO ] 2026-10-01 05:30:59.071 [SA-OB-UAT(414)-[(414)Thread-1399]-[111]] GlobalTranslation - GlobalTranslation.getTranslations:companyID=-1,language=English,originalValue=SKU
[INFO ] 2026-10-01 05:30:59.071 [SA-OB-UAT(414)-[(414)Thread-1399]-[111]] GlobalTranslation - GlobalTranslation.getTranslations:translatedValue=SKU
[INFO ] 2026-10-01 05:30:59.071 [SA-OB-UAT(414)-[(414)Thread-1399]-[111]] GlobalTranslation - GlobalTranslation.getTranslations:companyID=-1,language=English,originalValue=SKU
[INFO ] 2026-10-01 05:30:59.071 [SA-OB-UAT(414)-[(414)Thread-1399]-[111]] GlobalTranslation - GlobalTranslation.getTranslations:translatedValue=SKU
[TRACE] 2026-10-01 05:30:59.071 [SA-OB-UAT(414)-[(414)Thread-1399]-[111]] WebShell - input data is null, isAlive = false, context = com.intellinum.mia.app.runtime.Context@29a990ba , thread = Thread[SA-OB-UAT(414)-[(414)Thread-1399]-[111],5,main]
[INFO ] 2026-10-01 05:30:59.121 [SA-OB-UAT(414)-[(414)Thread-1399]-[111]] FlexiWebSocket - FlexiWebSocket.closeConnection:message LogFire Connection closed
[ERROR] 2026-10-01 05:30:59.121 [SA-OB-UAT(414)-[(414)Thread-1399]-[111]] LogFirePage - class com.intellinum.mia.app.logfire.ui.LogFirePage
java.io.IOException: null
	at com.intellinum.mia.app.logfire.logical.JSCHManager.isConnected(JSCHManager.java:124) ~[FlexiServer.jar:?]
	at com.intellinum.mia.app.logfire.logical.LogFireSSHConnection.isAvailable(LogFireSSHConnection.java:949) ~[FlexiServer.jar:?]
	at com.intellinum.mia.app.logfire.ui.LogFirePage.logFireStatusCheck(LogFirePage.java:3904) ~[FlexiServer.jar:?]
	at com.intellinum.mia.app.runtime.FlexiRuntime.handleLogFireStatusCheck(FlexiRuntime.java:1024) ~[FlexiServer.jar:?]
	at com.intellinum.mia.app.runtime.FlexiRuntime.handleInputData(FlexiRuntime.java:658) ~[FlexiServer.jar:?]
	at com.intellinum.mia.web.WebShell.run(WebShell.java:95) ~[FlexiServer.jar:?]
[INFO ] 2026-10-01 05:30:59.121 [SA-OB-UAT(414)-[(414)Thread-1399]-[111]] WebShell - WebShell.readInputData:BenchmarkData is end of character.
[INFO ] 2026-10-01 05:30:59.121 [SA-OB-UAT(414)-[(414)Thread-1399]-[111]] GlobalTranslation - GlobalTranslation.getTranslations:companyID=-1,language=English,originalValue=SKU
[INFO ] 2026-10-01 05:30:59.121 [SA-OB-UAT(414)-[(414)Thread-1399]-[111]] GlobalTranslation - GlobalTranslation.getTranslations:translatedValue=SKU
[INFO ] 2026-10-01 05:30:59.121 [SA-OB-UAT(414)-[(414)Thread-1399]-[111]] GlobalTranslation - GlobalTranslation.getTranslations:companyID=-1,language=English,originalValue=SKU
[INFO ] 2026-10-01 05:30:59.121 [SA-OB-UAT(414)-[(414)Thread-1399]-[111]] GlobalTranslation - GlobalTranslation.getTranslations:translatedValue=SKU
[TRACE] 2026-10-01 05:30:59.121 [SA-OB-UAT(414)-[(414)Thread-1399]-[111]] WebShell - input data is null, isAlive = false, context = com.intellinum.mia.app.runtime.Context@29a990ba , thread = Thread[SA-OB-UAT(414)-[(414)Thread-1399]-[111],5,main]
[INFO ] 2026-10-01 05:30:59.171 [SA-OB-UAT(414)-[(414)Thread-1399]-[111]] FlexiWebSocket - FlexiWebSocket.closeConnection:message LogFire Connection closed
[ERROR] 2026-10-01 05:30:59.171 [SA-OB-UAT(414)-[(414)Thread-1399]-[111]] LogFirePage - class com.intellinum.mia.app.logfire.ui.LogFirePage
java.io.IOException: null
	at com.intellinum.mia.app.logfire.logical.JSCHManager.isConnected(JSCHManager.java:124) ~[FlexiServer.jar:?]
	at com.intellinum.mia.app.logfire.logical.LogFireSSHConnection.isAvailable(LogFireSSHConnection.java:949) ~[FlexiServer.jar:?]
	at com.intellinum.mia.app.logfire.ui.LogFirePage.logFireStatusCheck(LogFirePage.java:3904) ~[FlexiServer.jar:?]
	at com.intellinum.mia.app.runtime.FlexiRuntime.handleLogFireStatusCheck(FlexiRuntime.java:1024) ~[FlexiServer.jar:?]
	at com.intellinum.mia.app.runtime.FlexiRuntime.handleInputData(FlexiRuntime.java:658) ~[FlexiServer.jar:?]
	at com.intellinum.mia.web.WebShell.run(WebShell.java:95) ~[FlexiServer.jar:?]
[INFO ] 2026-10-01 05:30:59.171 [SA-OB-UAT(414)-[(414)Thread-1399]-[111]] WebShell - WebShell.readInputData:BenchmarkData is end of character.
[INFO ] 2026-10-01 05:30:59.171 [SA-OB-UAT(414)-[(414)Thread-1399]-[111]] GlobalTranslation - GlobalTranslation.getTranslations:companyID=-1,language=English,originalValue=SKU
[INFO ] 2026-10-01 05:30:59.171 [SA-OB-UAT(414)-[(414)Thread-1399]-[111]] GlobalTranslation - GlobalTranslation.getTranslations:translatedValue=SKU
[INFO ] 2026-10-01 05:30:59.171 [SA-OB-UAT(414)-[(414)Thread-1399]-[111]] GlobalTranslation - GlobalTranslation.getTranslations:companyID=-1,language=English,originalValue=SKU
[INFO ] 2026-10-01 05:30:59.171 [SA-OB-UAT(414)-[(414)Thread-1399]-[111]] GlobalTranslation - GlobalTranslation.getTranslations:translatedValue=SKU
[TRACE] 2026-10-01 05:30:59.171 [SA-OB-UAT(414)-[(414)Thread-1399]-[111]] WebShell - input data is null, isAlive = false, context = com.intellinum.mia.app.runtime.Context@29a990ba , thread = Thread[SA-OB-UAT(414)-[(414)Thread-1399]-[111],5,main]
[INFO ] 2026-10-01 05:30:59.221 [SA-OB-UAT(414)-[(414)Thread-1399]-[111]] FlexiWebSocket - FlexiWebSocket.closeConnection:message LogFire Connection closed
[ERROR] 2026-10-01 05:30:59.221 [SA-OB-UAT(414)-[(414)Thread-1399]-[111]] LogFirePage - class com.intellinum.mia.app.logfire.ui.LogFirePage
java.io.IOException: null
	at com.intellinum.mia.app.logfire.logical.JSCHManager.isConnected(JSCHManager.java:124) ~[FlexiServer.jar:?]
	at com.intellinum.mia.app.logfire.logical.LogFireSSHConnection.isAvailable(LogFireSSHConnection.java:949) ~[FlexiServer.jar:?]
	at com.intellinum.mia.app.logfire.ui.LogFirePage.logFireStatusCheck(LogFirePage.java:3904) ~[FlexiServer.jar:?]
	at com.intellinum.mia.app.runtime.FlexiRuntime.handleLogFireStatusCheck(FlexiRuntime.java:1024) ~[FlexiServer.jar:?]
	at com.intellinum.mia.app.runtime.FlexiRuntime.handleInputData(FlexiRuntime.java:658) ~[FlexiServer.jar:?]
	at com.intellinum.mia.web.WebShell.run(WebShell.java:95) ~[FlexiServer.jar:?]
[INFO ] 2026-10-01 05:30:59.221 [SA-OB-UAT(414)-[(414)Thread-1399]-[111]] WebShell - WebShell.readInputData:BenchmarkData is end of character.
[INFO ] 2026-10-01 05:30:59.221 [SA-OB-UAT(414)-[(414)Thread-1399]-[111]] GlobalTranslation - GlobalTranslation.getTranslations:companyID=-1,language=English,originalValue=SKU
[INFO ] 2026-10-01 05:30:59.221 [SA-OB-UAT(414)-[(414)Thread-1399]-[111]] GlobalTranslation - GlobalTranslation.getTranslations:translatedValue=SKU
[INFO ] 2026-10-01 05:30:59.221 [SA-OB-UAT(414)-[(414)Thread-1399]-[111]] GlobalTranslation - GlobalTranslation.getTranslations:companyID=-1,language=English,originalValue=SKU
[INFO ] 2026-10-01 05:30:59.221 [SA-OB-UAT(414)-[(414)Thread-1399]-[111]] GlobalTranslation - GlobalTranslation.getTranslations:translatedValue=SKU
[TRACE] 2026-10-01 05:30:59.221 [SA-OB-UAT(414)-[(414)Thread-1399]-[111]] WebShell - input data is null, isAlive = false, context = com.intellinum.mia.app.runtime.Context@29a990ba , thread = Thread[SA-OB-UAT(414)-[(414)Thread-1399]-[111],5,main]
[INFO ] 2026-10-01 05:30:59.271 [SA-OB-UAT(414)-[(414)Thread-1399]-[111]] FlexiWebSocket - FlexiWebSocket.closeConnection:message LogFire Connection closed
[ERROR] 2026-10-01 05:30:59.271 [SA-OB-UAT(414)-[(414)Thread-1399]-[111]] LogFirePage - class com.intellinum.mia.app.logfire.ui.LogFirePage
java.io.IOException: null
	at com.intellinum.mia.app.logfire.logical.JSCHManager.isConnected(JSCHManager.java:124) ~[FlexiServer.jar:?]
	at com.intellinum.mia.app.logfire.logical.LogFireSSHConnection.isAvailable(LogFireSSHConnection.java:949) ~[FlexiServer.jar:?]
	at com.intellinum.mia.app.logfire.ui.LogFirePage.logFireStatusCheck(LogFirePage.java:3904) ~[FlexiServer.jar:?]
	at com.intellinum.mia.app.runtime.FlexiRuntime.handleLogFireStatusCheck(FlexiRuntime.java:1024) ~[FlexiServer.jar:?]
	at com.intellinum.mia.app.runtime.FlexiRuntime.handleInputData(FlexiRuntime.java:658) ~[FlexiServer.jar:?]
	at com.intellinum.mia.web.WebShell.run(WebShell.java:95) ~[FlexiServer.jar:?]
[INFO ] 2026-10-01 05:30:59.271 [SA-OB-UAT(414)-[(414)Thread-1399]-[111]] WebShell - WebShell.readInputData:BenchmarkData is end of character.
[INFO ] 2026-10-01 05:30:59.271 [SA-OB-UAT(414)-[(414)Thread-1399]-[111]] GlobalTranslation - GlobalTranslation.getTranslations:companyID=-1,language=English,originalValue=SKU
[INFO ] 2026-10-01 05:30:59.271 [SA-OB-UAT(414)-[(414)Thread-1399]-[111]] GlobalTranslation - GlobalTranslation.getTranslations:translatedValue=SKU
[INFO ] 2026-10-01 05:30:59.271 [SA-OB-UAT(414)-[(414)Thread-1399]-[111]] GlobalTranslation - GlobalTranslation.getTranslations:companyID=-1,language=English,originalValue=SKU
[INFO ] 2026-10-01 05:30:59.271 [SA-OB-UAT(414)-[(414)Thread-1399]-[111]] GlobalTranslation - GlobalTranslation.getTranslations:translatedValue=SKU
[TRACE] 2026-10-01 05:30:59.271 [SA-OB-UAT(414)-[(414)Thread-1399]-[111]] WebShell - input data is null, isAlive = false, context = com.intellinum.mia.app.runtime.Context@29a990ba , thread = Thread[SA-OB-UAT(414)-[(414)Thread-1399]-[111],5,main]
[INFO ] 2026-10-01 05:30:59.321 [SA-OB-UAT(414)-[(414)Thread-1399]-[111]] FlexiWebSocket - FlexiWebSocket.closeConnection:message LogFire Connection closed
[ERROR] 2026-10-01 05:30:59.321 [SA-OB-UAT(414)-[(414)Thread-1399]-[111]] LogFirePage - class com.intellinum.mia.app.logfire.ui.LogFirePage
java.io.IOException: null
	at com.intellinum.mia.app.logfire.logical.JSCHManager.isConnected(JSCHManager.java:124) ~[FlexiServer.jar:?]
	at com.intellinum.mia.app.logfire.logical.LogFireSSHConnection.isAvailable(LogFireSSHConnection.java:949) ~[FlexiServer.jar:?]
	at com.intellinum.mia.app.logfire.ui.LogFirePage.logFireStatusCheck(LogFirePage.java:3904) ~[FlexiServer.jar:?]
	at com.intellinum.mia.app.runtime.FlexiRuntime.handleLogFireStatusCheck(FlexiRuntime.java:1024) ~[FlexiServer.jar:?]
	at com.intellinum.mia.app.runtime.FlexiRuntime.handleInputData(FlexiRuntime.java:658) ~[FlexiServer.jar:?]
	at com.intellinum.mia.web.WebShell.run(WebShell.java:95) ~[FlexiServer.jar:?]
[INFO ] 2026-10-01 05:30:59.321 [SA-OB-UAT(414)-[(414)Thread-1399]-[111]] WebShell - WebShell.readInputData:BenchmarkData is end of character.
[INFO ] 2026-10-01 05:30:59.321 [SA-OB-UAT(414)-[(414)Thread-1399]-[111]] GlobalTranslation - GlobalTranslation.getTranslations:companyID=-1,language=English,originalValue=SKU
[INFO ] 2026-10-01 05:30:59.321 [SA-OB-UAT(414)-[(414)Thread-1399]-[111]] GlobalTranslation - GlobalTranslation.getTranslations:translatedValue=SKU
[INFO ] 2026-10-01 05:30:59.321 [SA-OB-UAT(414)-[(414)Thread-1399]-[111]] GlobalTranslation - GlobalTranslation.getTranslations:companyID=-1,language=English,originalValue=SKU
[INFO ] 2026-10-01 05:30:59.321 [SA-OB-UAT(414)-[(414)Thread-1399]-[111]] GlobalTranslation - GlobalTranslation.getTranslations:translatedValue=SKU
[TRACE] 2026-10-01 05:30:59.321 [SA-OB-UAT(414)-[(414)Thread-1399]-[111]] WebShell - input data is null, isAlive = false, context = com.intellinum.mia.app.runtime.Context@29a990ba , thread = Thread[SA-OB-UAT(414)-[(414)Thread-1399]-[111],5,main]
[INFO ] 2026-10-01 05:30:59.371 [SA-OB-UAT(414)-[(414)Thread-1399]-[111]] FlexiWebSocket - FlexiWebSocket.closeConnection:message LogFire Connection closed
[ERROR] 2026-10-01 05:30:59.371 [SA-OB-UAT(414)-[(414)Thread-1399]-[111]] LogFirePage - class com.intellinum.mia.app.logfire.ui.LogFirePage
java.io.IOException: null
	at com.intellinum.mia.app.logfire.logical.JSCHManager.isConnected(JSCHManager.java:124) ~[FlexiServer.jar:?]
	at com.intellinum.mia.app.logfire.logical.LogFireSSHConnection.isAvailable(LogFireSSHConnection.java:949) ~[FlexiServer.jar:?]
	at com.intellinum.mia.app.logfire.ui.LogFirePage.logFireStatusCheck(LogFirePage.java:3904) ~[FlexiServer.jar:?]
	at com.intellinum.mia.app.runtime.FlexiRuntime.handleLogFireStatusCheck(FlexiRuntime.java:1024) ~[FlexiServer.jar:?]
	at com.intellinum.mia.app.runtime.FlexiRuntime.handleInputData(FlexiRuntime.java:658) ~[FlexiServer.jar:?]
	at com.intellinum.mia.web.WebShell.run(WebShell.java:95) ~[FlexiServer.jar:?]
[INFO ] 2026-10-01 05:30:59.371 [SA-OB-UAT(414)-[(414)Thread-1399]-[111]] WebShell - WebShell.readInputData:BenchmarkData is end of character.
[INFO ] 2026-10-01 05:30:59.371 [SA-OB-UAT(414)-[(414)Thread-1399]-[111]] GlobalTranslation - GlobalTranslation.getTranslations:companyID=-1,language=English,originalValue=SKU
[INFO ] 2026-10-01 05:30:59.371 [SA-OB-UAT(414)-[(414)Thread-1399]-[111]] GlobalTranslation - GlobalTranslation.getTranslations:translatedValue=SKU
[INFO ] 2026-10-01 05:30:59.371 [SA-OB-UAT(414)-[(414)Thread-1399]-[111]] GlobalTranslation - GlobalTranslation.getTranslations:companyID=-1,language=English,originalValue=SKU
[INFO ] 2026-10-01 05:30:59.371 [SA-OB-UAT(414)-[(414)Thread-1399]-[111]] GlobalTranslation - GlobalTranslation.getTranslations:translatedValue=SKU
[TRACE] 2026-10-01 05:30:59.371 [SA-OB-UAT(414)-[(414)Thread-1399]-[111]] WebShell - input data is null, isAlive = false, context = com.intellinum.mia.app.runtime.Context@29a990ba , thread = Thread[SA-OB-UAT(414)-[(414)Thread-1399]-[111],5,main]
[INFO ] 2026-10-01 05:30:59.421 [SA-OB-UAT(414)-[(414)Thread-1399]-[111]] FlexiWebSocket - FlexiWebSocket.closeConnection:message LogFire Connection closed
[ERROR] 2026-10-01 05:30:59.421 [SA-OB-UAT(414)-[(414)Thread-1399]-[111]] LogFirePage - class com.intellinum.mia.app.logfire.ui.LogFirePage
java.io.IOException: null
	at com.intellinum.mia.app.logfire.logical.JSCHManager.isConnected(JSCHManager.java:124) ~[FlexiServer.jar:?]
	at com.intellinum.mia.app.logfire.logical.LogFireSSHConnection.isAvailable(LogFireSSHConnection.java:949) ~[FlexiServer.jar:?]
	at com.intellinum.mia.app.logfire.ui.LogFirePage.logFireStatusCheck(LogFirePage.java:3904) ~[FlexiServer.jar:?]
	at com.intellinum.mia.app.runtime.FlexiRuntime.handleLogFireStatusCheck(FlexiRuntime.java:1024) ~[FlexiServer.jar:?]
	at com.intellinum.mia.app.runtime.FlexiRuntime.handleInputData(FlexiRuntime.java:658) ~[FlexiServer.jar:?]
	at com.intellinum.mia.web.WebShell.run(WebShell.java:95) ~[FlexiServer.jar:?]
[INFO ] 2026-10-01 05:30:59.422 [SA-OB-UAT(414)-[(414)Thread-1399]-[111]] WebShell - WebShell.readInputData:BenchmarkData is end of character.
[INFO ] 2026-10-01 05:30:59.422 [SA-OB-UAT(414)-[(414)Thread-1399]-[111]] GlobalTranslation - GlobalTranslation.getTranslations:companyID=-1,language=English,originalValue=SKU
[INFO ] 2026-10-01 05:30:59.422 [SA-OB-UAT(414)-[(414)Thread-1399]-[111]] GlobalTranslation - GlobalTranslation.getTranslations:translatedValue=SKU
[INFO ] 2026-10-01 05:30:59.422 [SA-OB-UAT(414)-[(414)Thread-1399]-[111]] GlobalTranslation - GlobalTranslation.getTranslations:companyID=-1,language=English,originalValue=SKU
[INFO ] 2026-10-01 05:30:59.422 [SA-OB-UAT(414)-[(414)Thread-1399]-[111]] GlobalTranslation - GlobalTranslation.getTranslations:translatedValue=SKU
[TRACE] 2026-10-01 05:30:59.422 [SA-OB-UAT(414)-[(414)Thread-1399]-[111]] WebShell - input data is null, isAlive = false, context = com.intellinum.mia.app.runtime.Context@29a990ba , thread = Thread[SA-OB-UAT(414)-[(414)Thread-1399]-[111],5,main]
[INFO ] 2026-10-01 05:30:59.472 [SA-OB-UAT(414)-[(414)Thread-1399]-[111]] FlexiWebSocket - FlexiWebSocket.closeConnection:message LogFire Connection closed
[ERROR] 2026-10-01 05:30:59.472 [SA-OB-UAT(414)-[(414)Thread-1399]-[111]] LogFirePage - class com.intellinum.mia.app.logfire.ui.LogFirePage
java.io.IOException: null
	at com.intellinum.mia.app.logfire.logical.JSCHManager.isConnected(JSCHManager.java:124) ~[FlexiServer.jar:?]
	at com.intellinum.mia.app.logfire.logical.LogFireSSHConnection.isAvailable(LogFireSSHConnection.java:949) ~[FlexiServer.jar:?]
	at com.intellinum.mia.app.logfire.ui.LogFirePage.logFireStatusCheck(LogFirePage.java:3904) ~[FlexiServer.jar:?]
	at com.intellinum.mia.app.runtime.FlexiRuntime.handleLogFireStatusCheck(FlexiRuntime.java:1024) ~[FlexiServer.jar:?]
	at com.intellinum.mia.app.runtime.FlexiRuntime.handleInputData(FlexiRuntime.java:658) ~[FlexiServer.jar:?]
	at com.intellinum.mia.web.WebShell.run(WebShell.java:95) ~[FlexiServer.jar:?]
[INFO ] 2026-10-01 05:30:59.472 [SA-OB-UAT(414)-[(414)Thread-1399]-[111]] WebShell - WebShell.readInputData:BenchmarkData is end of character.
[INFO ] 2026-10-01 05:30:59.472 [SA-OB-UAT(414)-[(414)Thread-1399]-[111]] GlobalTranslation - GlobalTranslation.getTranslations:companyID=-1,language=English,originalValue=SKU
[INFO ] 2026-10-01 05:30:59.472 [SA-OB-UAT(414)-[(414)Thread-1399]-[111]] GlobalTranslation - GlobalTranslation.getTranslations:translatedValue=SKU
[INFO ] 2026-10-01 05:30:59.472 [SA-OB-UAT(414)-[(414)Thread-1399]-[111]] GlobalTranslation - GlobalTranslation.getTranslations:companyID=-1,language=English,originalValue=SKU
[INFO ] 2026-10-01 05:30:59.472 [SA-OB-UAT(414)-[(414)Thread-1399]-[111]] GlobalTranslation - GlobalTranslation.getTranslations:translatedValue=SKU
[TRACE] 2026-10-01 05:30:59.472 [SA-OB-UAT(414)-[(414)Thread-1399]-[111]] WebShell - input data is null, isAlive = false, context = com.intellinum.mia.app.runtime.Context@29a990ba , thread = Thread[SA-OB-UAT(414)-[(414)Thread-1399]-[111],5,main]
[INFO ] 2026-10-01 05:30:59.522 [SA-OB-UAT(414)-[(414)Thread-1399]-[111]] FlexiWebSocket - FlexiWebSocket.closeConnection:message LogFire Connection closed
[ERROR] 2026-10-01 05:30:59.522 [SA-OB-UAT(414)-[(414)Thread-1399]-[111]] LogFirePage - class com.intellinum.mia.app.logfire.ui.LogFirePage
java.io.IOException: null
	at com.intellinum.mia.app.logfire.logical.JSCHManager.isConnected(JSCHManager.java:124) ~[FlexiServer.jar:?]
	at com.intellinum.mia.app.logfire.logical.LogFireSSHConnection.isAvailable(LogFireSSHConnection.java:949) ~[FlexiServer.jar:?]
	at com.intellinum.mia.app.logfire.ui.LogFirePage.logFireStatusCheck(LogFirePage.java:3904) ~[FlexiServer.jar:?]
	at com.intellinum.mia.app.runtime.FlexiRuntime.handleLogFireStatusCheck(FlexiRuntime.java:1024) ~[FlexiServer.jar:?]
	at com.intellinum.mia.app.runtime.FlexiRuntime.handleInputData(FlexiRuntime.java:658) ~[FlexiServer.jar:?]
	at com.intellinum.mia.web.WebShell.run(WebShell.java:95) ~[FlexiServer.jar:?]
[INFO ] 2026-10-01 05:30:59.522 [SA-OB-UAT(414)-[(414)Thread-1399]-[111]] WebShell - WebShell.readInputData:BenchmarkData is end of character.
[INFO ] 2026-10-01 05:30:59.522 [SA-OB-UAT(414)-[(414)Thread-1399]-[111]] GlobalTranslation - GlobalTranslation.getTranslations:companyID=-1,language=English,originalValue=SKU
[INFO ] 2026-10-01 05:30:59.522 [SA-OB-UAT(414)-[(414)Thread-1399]-[111]] GlobalTranslation - GlobalTranslation.getTranslations:translatedValue=SKU
[INFO ] 2026-10-01 05:30:59.522 [SA-OB-UAT(414)-[(414)Thread-1399]-[111]] GlobalTranslation - GlobalTranslation.getTranslations:companyID=-1,language=English,originalValue=SKU
[INFO ] 2026-10-01 05:30:59.522 [SA-OB-UAT(414)-[(414)Thread-1399]-[111]] GlobalTranslation - GlobalTranslation.getTranslations:translatedValue=SKU
[TRACE] 2026-10-01 05:30:59.522 [SA-OB-UAT(414)-[(414)Thread-1399]-[111]] WebShell - input data is null, isAlive = false, context = com.intellinum.mia.app.runtime.Context@29a990ba , thread = Thread[SA-OB-UAT(414)-[(414)Thread-1399]-[111],5,main]
[INFO ] 2026-10-01 05:30:59.572 [SA-OB-UAT(414)-[(414)Thread-1399]-[111]] FlexiWebSocket - FlexiWebSocket.closeConnection:message LogFire Connection closed
[ERROR] 2026-10-01 05:30:59.572 [SA-OB-UAT(414)-[(414)Thread-1399]-[111]] LogFirePage - class com.intellinum.mia.app.logfire.ui.LogFirePage
java.io.IOException: null
	at com.intellinum.mia.app.logfire.logical.JSCHManager.isConnected(JSCHManager.java:124) ~[FlexiServer.jar:?]
	at com.intellinum.mia.app.logfire.logical.LogFireSSHConnection.isAvailable(LogFireSSHConnection.java:949) ~[FlexiServer.jar:?]
	at com.intellinum.mia.app.logfire.ui.LogFirePage.logFireStatusCheck(LogFirePage.java:3904) ~[FlexiServer.jar:?]
	at com.intellinum.mia.app.runtime.FlexiRuntime.handleLogFireStatusCheck(FlexiRuntime.java:1024) ~[FlexiServer.jar:?]
	at com.intellinum.mia.app.runtime.FlexiRuntime.handleInputData(FlexiRuntime.java:658) ~[FlexiServer.jar:?]
	at com.intellinum.mia.web.WebShell.run(WebShell.java:95) ~[FlexiServer.jar:?]
[INFO ] 2026-10-01 05:30:59.572 [SA-OB-UAT(414)-[(414)Thread-1399]-[111]] WebShell - WebShell.readInputData:BenchmarkData is end of character.
[INFO ] 2026-10-01 05:30:59.572 [SA-OB-UAT(414)-[(414)Thread-1399]-[111]] GlobalTranslation - GlobalTranslation.getTranslations:companyID=-1,language=English,originalValue=SKU
[INFO ] 2026-10-01 05:30:59.572 [SA-OB-UAT(414)-[(414)Thread-1399]-[111]] GlobalTranslation - GlobalTranslation.getTranslations:translatedValue=SKU
[INFO ] 2026-10-01 05:30:59.572 [SA-OB-UAT(414)-[(414)Thread-1399]-[111]] GlobalTranslation - GlobalTranslation.getTranslations:companyID=-1,language=English,originalValue=SKU
[INFO ] 2026-10-01 05:30:59.572 [SA-OB-UAT(414)-[(414)Thread-1399]-[111]] GlobalTranslation - GlobalTranslation.getTranslations:translatedValue=SKU
[TRACE] 2026-10-01 05:30:59.572 [SA-OB-UAT(414)-[(414)Thread-1399]-[111]] WebShell - input data is null, isAlive = false, context = com.intellinum.mia.app.runtime.Context@29a990ba , thread = Thread[SA-OB-UAT(414)-[(414)Thread-1399]-[111],5,main]
[INFO ] 2026-10-01 05:30:59.622 [SA-OB-UAT(414)-[(414)Thread-1399]-[111]] FlexiWebSocket - FlexiWebSocket.closeConnection:message LogFire Connection closed
[ERROR] 2026-10-01 05:30:59.622 [SA-OB-UAT(414)-[(414)Thread-1399]-[111]] LogFirePage - class com.intellinum.mia.app.logfire.ui.LogFirePage
java.io.IOException: null
	at com.intellinum.mia.app.logfire.logical.JSCHManager.isConnected(JSCHManager.java:124) ~[FlexiServer.jar:?]
	at com.intellinum.mia.app.logfire.logical.LogFireSSHConnection.isAvailable(LogFireSSHConnection.java:949) ~[FlexiServer.jar:?]
	at com.intellinum.mia.app.logfire.ui.LogFirePage.logFireStatusCheck(LogFirePage.java:3904) ~[FlexiServer.jar:?]
	at com.intellinum.mia.app.runtime.FlexiRuntime.handleLogFireStatusCheck(FlexiRuntime.java:1024) ~[FlexiServer.jar:?]
	at com.intellinum.mia.app.runtime.FlexiRuntime.handleInputData(FlexiRuntime.java:658) ~[FlexiServer.jar:?]
	at com.intellinum.mia.web.WebShell.run(WebShell.java:95) ~[FlexiServer.jar:?]
[INFO ] 2026-10-01 05:30:59.622 [SA-OB-UAT(414)-[(414)Thread-1399]-[111]] WebShell - WebShell.readInputData:BenchmarkData is end of character.
[INFO ] 2026-10-01 05:30:59.622 [SA-OB-UAT(414)-[(414)Thread-1399]-[111]] GlobalTranslation - GlobalTranslation.getTranslations:companyID=-1,language=English,originalValue=SKU
[INFO ] 2026-10-01 05:30:59.622 [SA-OB-UAT(414)-[(414)Thread-1399]-[111]] GlobalTranslation - GlobalTranslation.getTranslations:translatedValue=SKU
[INFO ] 2026-10-01 05:30:59.622 [SA-OB-UAT(414)-[(414)Thread-1399]-[111]] GlobalTranslation - GlobalTranslation.getTranslations:companyID=-1,language=English,originalValue=SKU
[INFO ] 2026-10-01 05:30:59.622 [SA-OB-UAT(414)-[(414)Thread-1399]-[111]] GlobalTranslation - GlobalTranslation.getTranslations:translatedValue=SKU
[TRACE] 2026-10-01 05:30:59.622 [SA-OB-UAT(414)-[(414)Thread-1399]-[111]] WebShell - input data is null, isAlive = false, context = com.intellinum.mia.app.runtime.Context@29a990ba , thread = Thread[SA-OB-UAT(414)-[(414)Thread-1399]-[111],5,main]
[INFO ] 2026-10-01 05:30:59.672 [SA-OB-UAT(414)-[(414)Thread-1399]-[111]] FlexiWebSocket - FlexiWebSocket.closeConnection:message LogFire Connection closed
[ERROR] 2026-10-01 05:30:59.672 [SA-OB-UAT(414)-[(414)Thread-1399]-[111]] LogFirePage - class com.intellinum.mia.app.logfire.ui.LogFirePage
java.io.IOException: null
	at com.intellinum.mia.app.logfire.logical.JSCHManager.isConnected(JSCHManager.java:124) ~[FlexiServer.jar:?]
	at com.intellinum.mia.app.logfire.logical.LogFireSSHConnection.isAvailable(LogFireSSHConnection.java:949) ~[FlexiServer.jar:?]
	at com.intellinum.mia.app.logfire.ui.LogFirePage.logFireStatusCheck(LogFirePage.java:3904) ~[FlexiServer.jar:?]
	at com.intellinum.mia.app.runtime.FlexiRuntime.handleLogFireStatusCheck(FlexiRuntime.java:1024) ~[FlexiServer.jar:?]
	at com.intellinum.mia.app.runtime.FlexiRuntime.handleInputData(FlexiRuntime.java:658) ~[FlexiServer.jar:?]
	at com.intellinum.mia.web.WebShell.run(WebShell.java:95) ~[FlexiServer.jar:?]
[INFO ] 2026-10-01 05:30:59.672 [SA-OB-UAT(414)-[(414)Thread-1399]-[111]] WebShell - WebShell.readInputData:BenchmarkData is end of character.
[INFO ] 2026-10-01 05:30:59.672 [SA-OB-UAT(414)-[(414)Thread-1399]-[111]] GlobalTranslation - GlobalTranslation.getTranslations:companyID=-1,language=English,originalValue=SKU
[INFO ] 2026-10-01 05:30:59.672 [SA-OB-UAT(414)-[(414)Thread-1399]-[111]] GlobalTranslation - GlobalTranslation.getTranslations:translatedValue=SKU
[INFO ] 2026-10-01 05:30:59.672 [SA-OB-UAT(414)-[(414)Thread-1399]-[111]] GlobalTranslation - GlobalTranslation.getTranslations:companyID=-1,language=English,originalValue=SKU
[INFO ] 2026-10-01 05:30:59.672 [SA-OB-UAT(414)-[(414)Thread-1399]-[111]] GlobalTranslation - GlobalTranslation.getTranslations:translatedValue=SKU
[TRACE] 2026-10-01 05:30:59.672 [SA-OB-UAT(414)-[(414)Thread-1399]-[111]] WebShell - input data is null, isAlive = false, context = com.intellinum.mia.app.runtime.Context@29a990ba , thread = Thread[SA-OB-UAT(414)-[(414)Thread-1399]-[111],5,main]
[INFO ] 2026-10-01 05:30:59.722 [SA-OB-UAT(414)-[(414)Thread-1399]-[111]] FlexiWebSocket - FlexiWebSocket.closeConnection:message LogFire Connection closed
[ERROR] 2026-10-01 05:30:59.722 [SA-OB-UAT(414)-[(414)Thread-1399]-[111]] LogFirePage - class com.intellinum.mia.app.logfire.ui.LogFirePage
java.io.IOException: null
	at com.intellinum.mia.app.logfire.logical.JSCHManager.isConnected(JSCHManager.java:124) ~[FlexiServer.jar:?]
	at com.intellinum.mia.app.logfire.logical.LogFireSSHConnection.isAvailable(LogFireSSHConnection.java:949) ~[FlexiServer.jar:?]
	at com.intellinum.mia.app.logfire.ui.LogFirePage.logFireStatusCheck(LogFirePage.java:3904) ~[FlexiServer.jar:?]
	at com.intellinum.mia.app.runtime.FlexiRuntime.handleLogFireStatusCheck(FlexiRuntime.java:1024) ~[FlexiServer.jar:?]
	at com.intellinum.mia.app.runtime.FlexiRuntime.handleInputData(FlexiRuntime.java:658) ~[FlexiServer.jar:?]
	at com.intellinum.mia.web.WebShell.run(WebShell.java:95) ~[FlexiServer.jar:?]
[INFO ] 2026-10-01 05:30:59.722 [SA-OB-UAT(414)-[(414)Thread-1399]-[111]] WebShell - WebShell.readInputData:BenchmarkData is end of character.
[INFO ] 2026-10-01 05:30:59.722 [SA-OB-UAT(414)-[(414)Thread-1399]-[111]] GlobalTranslation - GlobalTranslation.getTranslations:companyID=-1,language=English,originalValue=SKU
[INFO ] 2026-10-01 05:30:59.722 [SA-OB-UAT(414)-[(414)Thread-1399]-[111]] GlobalTranslation - GlobalTranslation.getTranslations:translatedValue=SKU
[INFO ] 2026-10-01 05:30:59.722 [SA-OB-UAT(414)-[(414)Thread-1399]-[111]] GlobalTranslation - GlobalTranslation.getTranslations:companyID=-1,language=English,originalValue=SKU
[INFO ] 2026-10-01 05:30:59.722 [SA-OB-UAT(414)-[(414)Thread-1399]-[111]] GlobalTranslation - GlobalTranslation.getTranslations:translatedValue=SKU
[TRACE] 2026-10-01 05:30:59.722 [SA-OB-UAT(414)-[(414)Thread-1399]-[111]] WebShell - input data is null, isAlive = false, context = com.intellinum.mia.app.runtime.Context@29a990ba , thread = Thread[SA-OB-UAT(414)-[(414)Thread-1399]-[111],5,main]
[INFO ] 2026-10-01 05:30:59.772 [SA-OB-UAT(414)-[(414)Thread-1399]-[111]] FlexiWebSocket - FlexiWebSocket.closeConnection:message LogFire Connection closed
[ERROR] 2026-10-01 05:30:59.772 [SA-OB-UAT(414)-[(414)Thread-1399]-[111]] LogFirePage - class com.intellinum.mia.app.logfire.ui.LogFirePage
java.io.IOException: null
	at com.intellinum.mia.app.logfire.logical.JSCHManager.isConnected(JSCHManager.java:124) ~[FlexiServer.jar:?]
	at com.intellinum.mia.app.logfire.logical.LogFireSSHConnection.isAvailable(LogFireSSHConnection.java:949) ~[FlexiServer.jar:?]
	at com.intellinum.mia.app.logfire.ui.LogFirePage.logFireStatusCheck(LogFirePage.java:3904) ~[FlexiServer.jar:?]
	at com.intellinum.mia.app.runtime.FlexiRuntime.handleLogFireStatusCheck(FlexiRuntime.java:1024) ~[FlexiServer.jar:?]
	at com.intellinum.mia.app.runtime.FlexiRuntime.handleInputData(FlexiRuntime.java:658) ~[FlexiServer.jar:?]
	at com.intellinum.mia.web.WebShell.run(WebShell.java:95) ~[FlexiServer.jar:?]
[INFO ] 2026-10-01 05:30:59.772 [SA-OB-UAT(414)-[(414)Thread-1399]-[111]] WebShell - WebShell.readInputData:BenchmarkData is end of character.
[INFO ] 2026-10-01 05:30:59.772 [SA-OB-UAT(414)-[(414)Thread-1399]-[111]] GlobalTranslation - GlobalTranslation.getTranslations:companyID=-1,language=English,originalValue=SKU
[INFO ] 2026-10-01 05:30:59.772 [SA-OB-UAT(414)-[(414)Thread-1399]-[111]] GlobalTranslation - GlobalTranslation.getTranslations:translatedValue=SKU
[INFO ] 2026-10-01 05:30:59.772 [SA-OB-UAT(414)-[(414)Thread-1399]-[111]] GlobalTranslation - GlobalTranslation.getTranslations:companyID=-1,language=English,originalValue=SKU
[INFO ] 2026-10-01 05:30:59.772 [SA-OB-UAT(414)-[(414)Thread-1399]-[111]] GlobalTranslation - GlobalTranslation.getTranslations:translatedValue=SKU
[TRACE] 2026-10-01 05:30:59.772 [SA-OB-UAT(414)-[(414)Thread-1399]-[111]] WebShell - input data is null, isAlive = false, context = com.intellinum.mia.app.runtime.Context@29a990ba , thread = Thread[SA-OB-UAT(414)-[(414)Thread-1399]-[111],5,main]
[INFO ] 2026-10-01 05:30:59.822 [SA-OB-UAT(414)-[(414)Thread-1399]-[111]] FlexiWebSocket - FlexiWebSocket.closeConnection:message LogFire Connection closed
[ERROR] 2026-10-01 05:30:59.822 [SA-OB-UAT(414)-[(414)Thread-1399]-[111]] LogFirePage - class com.intellinum.mia.app.logfire.ui.LogFirePage
java.io.IOException: null
	at com.intellinum.mia.app.logfire.logical.JSCHManager.isConnected(JSCHManager.java:124) ~[FlexiServer.jar:?]
	at com.intellinum.mia.app.logfire.logical.LogFireSSHConnection.isAvailable(LogFireSSHConnection.java:949) ~[FlexiServer.jar:?]
	at com.intellinum.mia.app.logfire.ui.LogFirePage.logFireStatusCheck(LogFirePage.java:3904) ~[FlexiServer.jar:?]
	at com.intellinum.mia.app.runtime.FlexiRuntime.handleLogFireStatusCheck(FlexiRuntime.java:1024) ~[FlexiServer.jar:?]
	at com.intellinum.mia.app.runtime.FlexiRuntime.handleInputData(FlexiRuntime.java:658) ~[FlexiServer.jar:?]
	at com.intellinum.mia.web.WebShell.run(WebShell.java:95) ~[FlexiServer.jar:?]
[INFO ] 2026-10-01 05:30:59.822 [SA-OB-UAT(414)-[(414)Thread-1399]-[111]] WebShell - WebShell.readInputData:BenchmarkData is end of character.
[INFO ] 2026-10-01 05:30:59.822 [SA-OB-UAT(414)-[(414)Thread-1399]-[111]] GlobalTranslation - GlobalTranslation.getTranslations:companyID=-1,language=English,originalValue=SKU
[INFO ] 2026-10-01 05:30:59.822 [SA-OB-UAT(414)-[(414)Thread-1399]-[111]] GlobalTranslation - GlobalTranslation.getTranslations:translatedValue=SKU
[INFO ] 2026-10-01 05:30:59.822 [SA-OB-UAT(414)-[(414)Thread-1399]-[111]] GlobalTranslation - GlobalTranslation.getTranslations:companyID=-1,language=English,originalValue=SKU
[INFO ] 2026-10-01 05:30:59.822 [SA-OB-UAT(414)-[(414)Thread-1399]-[111]] GlobalTranslation - GlobalTranslation.getTranslations:translatedValue=SKU
[TRACE] 2026-10-01 05:30:59.822 [SA-OB-UAT(414)-[(414)Thread-1399]-[111]] WebShell - input data is null, isAlive = false, context = com.intellinum.mia.app.runtime.Context@29a990ba , thread = Thread[SA-OB-UAT(414)-[(414)Thread-1399]-[111],5,main]
[INFO ] 2026-10-01 05:30:59.872 [SA-OB-UAT(414)-[(414)Thread-1399]-[111]] FlexiWebSocket - FlexiWebSocket.closeConnection:message LogFire Connection closed
[ERROR] 2026-10-01 05:30:59.872 [SA-OB-UAT(414)-[(414)Thread-1399]-[111]] LogFirePage - class com.intellinum.mia.app.logfire.ui.LogFirePage
java.io.IOException: null
	at com.intellinum.mia.app.logfire.logical.JSCHManager.isConnected(JSCHManager.java:124) ~[FlexiServer.jar:?]
	at com.intellinum.mia.app.logfire.logical.LogFireSSHConnection.isAvailable(LogFireSSHConnection.java:949) ~[FlexiServer.jar:?]
	at com.intellinum.mia.app.logfire.ui.LogFirePage.logFireStatusCheck(LogFirePage.java:3904) ~[FlexiServer.jar:?]
	at com.intellinum.mia.app.runtime.FlexiRuntime.handleLogFireStatusCheck(FlexiRuntime.java:1024) ~[FlexiServer.jar:?]
	at com.intellinum.mia.app.runtime.FlexiRuntime.handleInputData(FlexiRuntime.java:658) ~[FlexiServer.jar:?]
	at com.intellinum.mia.web.WebShell.run(WebShell.java:95) ~[FlexiServer.jar:?]
[INFO ] 2026-10-01 05:30:59.872 [SA-OB-UAT(414)-[(414)Thread-1399]-[111]] WebShell - WebShell.readInputData:BenchmarkData is end of character.
[INFO ] 2026-10-01 05:30:59.872 [SA-OB-UAT(414)-[(414)Thread-1399]-[111]] GlobalTranslation - GlobalTranslation.getTranslations:companyID=-1,language=English,originalValue=SKU
[INFO ] 2026-10-01 05:30:59.872 [SA-OB-UAT(414)-[(414)Thread-1399]-[111]] GlobalTranslation - GlobalTranslation.getTranslations:translatedValue=SKU
[INFO ] 2026-10-01 05:30:59.872 [SA-OB-UAT(414)-[(414)Thread-1399]-[111]] GlobalTranslation - GlobalTranslation.getTranslations:companyID=-1,language=English,originalValue=SKU
[INFO ] 2026-10-01 05:30:59.872 [SA-OB-UAT(414)-[(414)Thread-1399]-[111]] GlobalTranslation - GlobalTranslation.getTranslations:translatedValue=SKU
[TRACE] 2026-10-01 05:30:59.872 [SA-OB-UAT(414)-[(414)Thread-1399]-[111]] WebShell - input data is null, isAlive = false, context = com.intellinum.mia.app.runtime.Context@29a990ba , thread = Thread[SA-OB-UAT(414)-[(414)Thread-1399]-[111],5,main]
[INFO ] 2026-10-01 05:30:59.922 [SA-OB-UAT(414)-[(414)Thread-1399]-[111]] FlexiWebSocket - FlexiWebSocket.closeConnection:message LogFire Connection closed
[ERROR] 2026-10-01 05:30:59.922 [SA-OB-UAT(414)-[(414)Thread-1399]-[111]] LogFirePage - class com.intellinum.mia.app.logfire.ui.LogFirePage
java.io.IOException: null
	at com.intellinum.mia.app.logfire.logical.JSCHManager.isConnected(JSCHManager.java:124) ~[FlexiServer.jar:?]
	at com.intellinum.mia.app.logfire.logical.LogFireSSHConnection.isAvailable(LogFireSSHConnection.java:949) ~[FlexiServer.jar:?]
	at com.intellinum.mia.app.logfire.ui.LogFirePage.logFireStatusCheck(LogFirePage.java:3904) ~[FlexiServer.jar:?]
	at com.intellinum.mia.app.runtime.FlexiRuntime.handleLogFireStatusCheck(FlexiRuntime.java:1024) ~[FlexiServer.jar:?]
	at com.intellinum.mia.app.runtime.FlexiRuntime.handleInputData(FlexiRuntime.java:658) ~[FlexiServer.jar:?]
	at com.intellinum.mia.web.WebShell.run(WebShell.java:95) ~[FlexiServer.jar:?]
[INFO ] 2026-10-01 05:30:59.922 [SA-OB-UAT(414)-[(414)Thread-1399]-[111]] WebShell - WebShell.readInputData:BenchmarkData is end of character.
[INFO ] 2026-10-01 05:30:59.922 [SA-OB-UAT(414)-[(414)Thread-1399]-[111]] GlobalTranslation - GlobalTranslation.getTranslations:companyID=-1,language=English,originalValue=SKU
[INFO ] 2026-10-01 05:30:59.922 [SA-OB-UAT(414)-[(414)Thread-1399]-[111]] GlobalTranslation - GlobalTranslation.getTranslations:translatedValue=SKU
[INFO ] 2026-10-01 05:30:59.922 [SA-OB-UAT(414)-[(414)Thread-1399]-[111]] GlobalTranslation - GlobalTranslation.getTranslations:companyID=-1,language=English,originalValue=SKU
[INFO ] 2026-10-01 05:30:59.922 [SA-OB-UAT(414)-[(414)Thread-1399]-[111]] GlobalTranslation - GlobalTranslation.getTranslations:translatedValue=SKU
[TRACE] 2026-10-01 05:30:59.922 [SA-OB-UAT(414)-[(414)Thread-1399]-[111]] WebShell - input data is null, isAlive = false, context = com.intellinum.mia.app.runtime.Context@29a990ba , thread = Thread[SA-OB-UAT(414)-[(414)Thread-1399]-[111],5,main]
[INFO ] 2026-10-01 05:30:59.972 [SA-OB-UAT(414)-[(414)Thread-1399]-[111]] FlexiWebSocket - FlexiWebSocket.closeConnection:message LogFire Connection closed
[ERROR] 2026-10-01 05:30:59.972 [SA-OB-UAT(414)-[(414)Thread-1399]-[111]] LogFirePage - class com.intellinum.mia.app.logfire.ui.LogFirePage
java.io.IOException: null
	at com.intellinum.mia.app.logfire.logical.JSCHManager.isConnected(JSCHManager.java:124) ~[FlexiServer.jar:?]
	at com.intellinum.mia.app.logfire.logical.LogFireSSHConnection.isAvailable(LogFireSSHConnection.java:949) ~[FlexiServer.jar:?]
	at com.intellinum.mia.app.logfire.ui.LogFirePage.logFireStatusCheck(LogFirePage.java:3904) ~[FlexiServer.jar:?]
	at com.intellinum.mia.app.runtime.FlexiRuntime.handleLogFireStatusCheck(FlexiRuntime.java:1024) ~[FlexiServer.jar:?]
	at com.intellinum.mia.app.runtime.FlexiRuntime.handleInputData(FlexiRuntime.java:658) ~[FlexiServer.jar:?]
	at com.intellinum.mia.web.WebShell.run(WebShell.java:95) ~[FlexiServer.jar:?]
[INFO ] 2026-10-01 05:30:59.973 [SA-OB-UAT(414)-[(414)Thread-1399]-[111]] WebShell - WebShell.readInputData:BenchmarkData is end of character.
[INFO ] 2026-10-01 05:30:59.973 [SA-OB-UAT(414)-[(414)Thread-1399]-[111]] GlobalTranslation - GlobalTranslation.getTranslations:companyID=-1,language=English,originalValue=SKU
[INFO ] 2026-10-01 05:30:59.973 [SA-OB-UAT(414)-[(414)Thread-1399]-[111]] GlobalTranslation - GlobalTranslation.getTranslations:translatedValue=SKU
[INFO ] 2026-10-01 05:30:59.973 [SA-OB-UAT(414)-[(414)Thread-1399]-[111]] GlobalTranslation - GlobalTranslation.getTranslations:companyID=-1,language=English,originalValue=SKU
[INFO ] 2026-10-01 05:30:59.973 [SA-OB-UAT(414)-[(414)Thread-1399]-[111]] GlobalTranslation - GlobalTranslation.getTranslations:translatedValue=SKU
[TRACE] 2026-10-01 05:30:59.973 [SA-OB-UAT(414)-[(414)Thread-1399]-[111]] WebShell - input data is null, isAlive = false, context = com.intellinum.mia.app.runtime.Context@29a990ba , thread = Thread[SA-OB-UAT(414)-[(414)Thread-1399]-[111],5,main]
[INFO ] 2026-10-01 05:31:00.023 [SA-OB-UAT(414)-[(414)Thread-1399]-[111]] FlexiWebSocket - FlexiWebSocket.closeConnection:message LogFire Connection closed
[ERROR] 2026-10-01 05:31:00.023 [SA-OB-UAT(414)-[(414)Thread-1399]-[111]] LogFirePage - class com.intellinum.mia.app.logfire.ui.LogFirePage
java.io.IOException: null
	at com.intellinum.mia.app.logfire.logical.JSCHManager.isConnected(JSCHManager.java:124) ~[FlexiServer.jar:?]
	at com.intellinum.mia.app.logfire.logical.LogFireSSHConnection.isAvailable(LogFireSSHConnection.java:949) ~[FlexiServer.jar:?]
	at com.intellinum.mia.app.logfire.ui.LogFirePage.logFireStatusCheck(LogFirePage.java:3904) ~[FlexiServer.jar:?]
	at com.intellinum.mia.app.runtime.FlexiRuntime.handleLogFireStatusCheck(FlexiRuntime.java:1024) ~[FlexiServer.jar:?]
	at com.intellinum.mia.app.runtime.FlexiRuntime.handleInputData(FlexiRuntime.java:658) ~[FlexiServer.jar:?]
	at com.intellinum.mia.web.WebShell.run(WebShell.java:95) ~[FlexiServer.jar:?]
[INFO ] 2026-10-01 05:31:00.023 [SA-OB-UAT(414)-[(414)Thread-1399]-[111]] WebShell - WebShell.readInputData:BenchmarkData is end of character.
[INFO ] 2026-10-01 05:31:00.023 [SA-OB-UAT(414)-[(414)Thread-1399]-[111]] GlobalTranslation - GlobalTranslation.getTranslations:companyID=-1,language=English,originalValue=SKU
[INFO ] 2026-10-01 05:31:00.023 [SA-OB-UAT(414)-[(414)Thread-1399]-[111]] GlobalTranslation - GlobalTranslation.getTranslations:translatedValue=SKU
[INFO ] 2026-10-01 05:31:00.023 [SA-OB-UAT(414)-[(414)Thread-1399]-[111]] GlobalTranslation - GlobalTranslation.getTranslations:companyID=-1,language=English,originalValue=SKU
[INFO ] 2026-10-01 05:31:00.023 [SA-OB-UAT(414)-[(414)Thread-1399]-[111]] GlobalTranslation - GlobalTranslation.getTranslations:translatedValue=SKU
[TRACE] 2026-10-01 05:31:00.023 [SA-OB-UAT(414)-[(414)Thread-1399]-[111]] WebShell - input data is null, isAlive = false, context = com.intellinum.mia.app.runtime.Context@29a990ba , thread = Thread[SA-OB-UAT(414)-[(414)Thread-1399]-[111],5,main]
[INFO ] 2026-10-01 05:31:00.073 [SA-OB-UAT(414)-[(414)Thread-1399]-[111]] FlexiWebSocket - FlexiWebSocket.closeConnection:message LogFire Connection closed
[ERROR] 2026-10-01 05:31:00.073 [SA-OB-UAT(414)-[(414)Thread-1399]-[111]] LogFirePage - class com.intellinum.mia.app.logfire.ui.LogFirePage
java.io.IOException: null
	at com.intellinum.mia.app.logfire.logical.JSCHManager.isConnected(JSCHManager.java:124) ~[FlexiServer.jar:?]
	at com.intellinum.mia.app.logfire.logical.LogFireSSHConnection.isAvailable(LogFireSSHConnection.java:949) ~[FlexiServer.jar:?]
	at com.intellinum.mia.app.logfire.ui.LogFirePage.logFireStatusCheck(LogFirePage.java:3904) ~[FlexiServer.jar:?]
	at com.intellinum.mia.app.runtime.FlexiRuntime.handleLogFireStatusCheck(FlexiRuntime.java:1024) ~[FlexiServer.jar:?]
	at com.intellinum.mia.app.runtime.FlexiRuntime.handleInputData(FlexiRuntime.java:658) ~[FlexiServer.jar:?]
	at com.intellinum.mia.web.WebShell.run(WebShell.java:95) ~[FlexiServer.jar:?]
[INFO ] 2026-10-01 05:31:00.073 [SA-OB-UAT(414)-[(414)Thread-1399]-[111]] WebShell - WebShell.readInputData:BenchmarkData is end of character.
[INFO ] 2026-10-01 05:31:00.073 [SA-OB-UAT(414)-[(414)Thread-1399]-[111]] GlobalTranslation - GlobalTranslation.getTranslations:companyID=-1,language=English,originalValue=SKU
[INFO ] 2026-10-01 05:31:00.073 [SA-OB-UAT(414)-[(414)Thread-1399]-[111]] GlobalTranslation - GlobalTranslation.getTranslations:translatedValue=SKU
[INFO ] 2026-10-01 05:31:00.073 [SA-OB-UAT(414)-[(414)Thread-1399]-[111]] GlobalTranslation - GlobalTranslation.getTranslations:companyID=-1,language=English,originalValue=SKU
[INFO ] 2026-10-01 05:31:00.073 [SA-OB-UAT(414)-[(414)Thread-1399]-[111]] GlobalTranslation - GlobalTranslation.getTranslations:translatedValue=SKU
[TRACE] 2026-10-01 05:31:00.073 [SA-OB-UAT(414)-[(414)Thread-1399]-[111]] WebShell - input data is null, isAlive = false, context = com.intellinum.mia.app.runtime.Context@29a990ba , thread = Thread[SA-OB-UAT(414)-[(414)Thread-1399]-[111],5,main]
[INFO ] 2026-10-01 05:31:00.123 [SA-OB-UAT(414)-[(414)Thread-1399]-[111]] FlexiWebSocket - FlexiWebSocket.closeConnection:message LogFire Connection closed
[ERROR] 2026-10-01 05:31:00.123 [SA-OB-UAT(414)-[(414)Thread-1399]-[111]] LogFirePage - class com.intellinum.mia.app.logfire.ui.LogFirePage
java.io.IOException: null
	at com.intellinum.mia.app.logfire.logical.JSCHManager.isConnected(JSCHManager.java:124) ~[FlexiServer.jar:?]
	at com.intellinum.mia.app.logfire.logical.LogFireSSHConnection.isAvailable(LogFireSSHConnection.java:949) ~[FlexiServer.jar:?]
	at com.intellinum.mia.app.logfire.ui.LogFirePage.logFireStatusCheck(LogFirePage.java:3904) ~[FlexiServer.jar:?]
	at com.intellinum.mia.app.runtime.FlexiRuntime.handleLogFireStatusCheck(FlexiRuntime.java:1024) ~[FlexiServer.jar:?]
	at com.intellinum.mia.app.runtime.FlexiRuntime.handleInputData(FlexiRuntime.java:658) ~[FlexiServer.jar:?]
	at com.intellinum.mia.web.WebShell.run(WebShell.java:95) ~[FlexiServer.jar:?]
[INFO ] 2026-10-01 05:31:00.123 [SA-OB-UAT(414)-[(414)Thread-1399]-[111]] WebShell - WebShell.readInputData:BenchmarkData is end of character.
[INFO ] 2026-10-01 05:31:00.123 [SA-OB-UAT(414)-[(414)Thread-1399]-[111]] GlobalTranslation - GlobalTranslation.getTranslations:companyID=-1,language=English,originalValue=SKU
[INFO ] 2026-10-01 05:31:00.123 [SA-OB-UAT(414)-[(414)Thread-1399]-[111]] GlobalTranslation - GlobalTranslation.getTranslations:translatedValue=SKU
[INFO ] 2026-10-01 05:31:00.123 [SA-OB-UAT(414)-[(414)Thread-1399]-[111]] GlobalTranslation - GlobalTranslation.getTranslations:companyID=-1,language=English,originalValue=SKU
[INFO ] 2026-10-01 05:31:00.123 [SA-OB-UAT(414)-[(414)Thread-1399]-[111]] GlobalTranslation - GlobalTranslation.getTranslations:translatedValue=SKU
[TRACE] 2026-10-01 05:31:00.123 [SA-OB-UAT(414)-[(414)Thread-1399]-[111]] WebShell - input data is null, isAlive = false, context = com.intellinum.mia.app.runtime.Context@29a990ba , thread = Thread[SA-OB-UAT(414)-[(414)Thread-1399]-[111],5,main]
[INFO ] 2026-10-01 05:31:00.173 [SA-OB-UAT(414)-[(414)Thread-1399]-[111]] FlexiWebSocket - FlexiWebSocket.closeConnection:message LogFire Connection closed
[ERROR] 2026-10-01 05:31:00.173 [SA-OB-UAT(414)-[(414)Thread-1399]-[111]] LogFirePage - class com.intellinum.mia.app.logfire.ui.LogFirePage
java.io.IOException: null
	at com.intellinum.mia.app.logfire.logical.JSCHManager.isConnected(JSCHManager.java:124) ~[FlexiServer.jar:?]
	at com.intellinum.mia.app.logfire.logical.LogFireSSHConnection.isAvailable(LogFireSSHConnection.java:949) ~[FlexiServer.jar:?]
	at com.intellinum.mia.app.logfire.ui.LogFirePage.logFireStatusCheck(LogFirePage.java:3904) ~[FlexiServer.jar:?]
	at com.intellinum.mia.app.runtime.FlexiRuntime.handleLogFireStatusCheck(FlexiRuntime.java:1024) ~[FlexiServer.jar:?]
	at com.intellinum.mia.app.runtime.FlexiRuntime.handleInputData(FlexiRuntime.java:658) ~[FlexiServer.jar:?]
	at com.intellinum.mia.web.WebShell.run(WebShell.java:95) ~[FlexiServer.jar:?]
[INFO ] 2026-10-01 05:31:00.173 [SA-OB-UAT(414)-[(414)Thread-1399]-[111]] WebShell - WebShell.readInputData:BenchmarkData is end of character.
[INFO ] 2026-10-01 05:31:00.173 [SA-OB-UAT(414)-[(414)Thread-1399]-[111]] GlobalTranslation - GlobalTranslation.getTranslations:companyID=-1,language=English,originalValue=SKU
[INFO ] 2026-10-01 05:31:00.173 [SA-OB-UAT(414)-[(414)Thread-1399]-[111]] GlobalTranslation - GlobalTranslation.getTranslations:translatedValue=SKU
[INFO ] 2026-10-01 05:31:00.173 [SA-OB-UAT(414)-[(414)Thread-1399]-[111]] GlobalTranslation - GlobalTranslation.getTranslations:companyID=-1,language=English,originalValue=SKU
[INFO ] 2026-10-01 05:31:00.173 [SA-OB-UAT(414)-[(414)Thread-1399]-[111]] GlobalTranslation - GlobalTranslation.getTranslations:translatedValue=SKU
[TRACE] 2026-10-01 05:31:00.173 [SA-OB-UAT(414)-[(414)Thread-1399]-[111]] WebShell - input data is null, isAlive = false, context = com.intellinum.mia.app.runtime.Context@29a990ba , thread = Thread[SA-OB-UAT(414)-[(414)Thread-1399]-[111],5,main]
[INFO ] 2026-10-01 05:31:00.223 [SA-OB-UAT(414)-[(414)Thread-1399]-[111]] FlexiWebSocket - FlexiWebSocket.closeConnection:message LogFire Connection closed
[ERROR] 2026-10-01 05:31:00.223 [SA-OB-UAT(414)-[(414)Thread-1399]-[111]] LogFirePage - class com.intellinum.mia.app.logfire.ui.LogFirePage
java.io.IOException: null
	at com.intellinum.mia.app.logfire.logical.JSCHManager.isConnected(JSCHManager.java:124) ~[FlexiServer.jar:?]
	at com.intellinum.mia.app.logfire.logical.LogFireSSHConnection.isAvailable(LogFireSSHConnection.java:949) ~[FlexiServer.jar:?]
	at com.intellinum.mia.app.logfire.ui.LogFirePage.logFireStatusCheck(LogFirePage.java:3904) ~[FlexiServer.jar:?]
	at com.intellinum.mia.app.runtime.FlexiRuntime.handleLogFireStatusCheck(FlexiRuntime.java:1024) ~[FlexiServer.jar:?]
	at com.intellinum.mia.app.runtime.FlexiRuntime.handleInputData(FlexiRuntime.java:658) ~[FlexiServer.jar:?]
	at com.intellinum.mia.web.WebShell.run(WebShell.java:95) ~[FlexiServer.jar:?]
[INFO ] 2026-10-01 05:31:00.223 [SA-OB-UAT(414)-[(414)Thread-1399]-[111]] WebShell - WebShell.readInputData:BenchmarkData is end of character.
[INFO ] 2026-10-01 05:31:00.223 [SA-OB-UAT(414)-[(414)Thread-1399]-[111]] GlobalTranslation - GlobalTranslation.getTranslations:companyID=-1,language=English,originalValue=SKU
[INFO ] 2026-10-01 05:31:00.223 [SA-OB-UAT(414)-[(414)Thread-1399]-[111]] GlobalTranslation - GlobalTranslation.getTranslations:translatedValue=SKU
[INFO ] 2026-10-01 05:31:00.223 [SA-OB-UAT(414)-[(414)Thread-1399]-[111]] GlobalTranslation - GlobalTranslation.getTranslations:companyID=-1,language=English,originalValue=SKU
[INFO ] 2026-10-01 05:31:00.223 [SA-OB-UAT(414)-[(414)Thread-1399]-[111]] GlobalTranslation - GlobalTranslation.getTranslations:translatedValue=SKU
[TRACE] 2026-10-01 05:31:00.223 [SA-OB-UAT(414)-[(414)Thread-1399]-[111]] WebShell - input data is null, isAlive = false, context = com.intellinum.mia.app.runtime.Context@29a990ba , thread = Thread[SA-OB-UAT(414)-[(414)Thread-1399]-[111],5,main]
[INFO ] 2026-10-01 05:31:00.273 [SA-OB-UAT(414)-[(414)Thread-1399]-[111]] FlexiWebSocket - FlexiWebSocket.closeConnection:message LogFire Connection closed
[ERROR] 2026-10-01 05:31:00.273 [SA-OB-UAT(414)-[(414)Thread-1399]-[111]] LogFirePage - class com.intellinum.mia.app.logfire.ui.LogFirePage
java.io.IOException: null
	at com.intellinum.mia.app.logfire.logical.JSCHManager.isConnected(JSCHManager.java:124) ~[FlexiServer.jar:?]
	at com.intellinum.mia.app.logfire.logical.LogFireSSHConnection.isAvailable(LogFireSSHConnection.java:949) ~[FlexiServer.jar:?]
	at com.intellinum.mia.app.logfire.ui.LogFirePage.logFireStatusCheck(LogFirePage.java:3904) ~[FlexiServer.jar:?]
	at com.intellinum.mia.app.runtime.FlexiRuntime.handleLogFireStatusCheck(FlexiRuntime.java:1024) ~[FlexiServer.jar:?]
	at com.intellinum.mia.app.runtime.FlexiRuntime.handleInputData(FlexiRuntime.java:658) ~[FlexiServer.jar:?]
	at com.intellinum.mia.web.WebShell.run(WebShell.java:95) ~[FlexiServer.jar:?]
[INFO ] 2026-10-01 05:31:00.273 [SA-OB-UAT(414)-[(414)Thread-1399]-[111]] WebShell - WebShell.readInputData:BenchmarkData is end of character.
[INFO ] 2026-10-01 05:31:00.273 [SA-OB-UAT(414)-[(414)Thread-1399]-[111]] GlobalTranslation - GlobalTranslation.getTranslations:companyID=-1,language=English,originalValue=SKU
[INFO ] 2026-10-01 05:31:00.273 [SA-OB-UAT(414)-[(414)Thread-1399]-[111]] GlobalTranslation - GlobalTranslation.getTranslations:translatedValue=SKU
[INFO ] 2026-10-01 05:31:00.273 [SA-OB-UAT(414)-[(414)Thread-1399]-[111]] GlobalTranslation - GlobalTranslation.getTranslations:companyID=-1,language=English,originalValue=SKU
[INFO ] 2026-10-01 05:31:00.273 [SA-OB-UAT(414)-[(414)Thread-1399]-[111]] GlobalTranslation - GlobalTranslation.getTranslations:translatedValue=SKU
[TRACE] 2026-10-01 05:31:00.273 [SA-OB-UAT(414)-[(414)Thread-1399]-[111]] WebShell - input data is null, isAlive = false, context = com.intellinum.mia.app.runtime.Context@29a990ba , thread = Thread[SA-OB-UAT(414)-[(414)Thread-1399]-[111],5,main]
[INFO ] 2026-10-01 05:31:00.323 [SA-OB-UAT(414)-[(414)Thread-1399]-[111]] FlexiWebSocket - FlexiWebSocket.closeConnection:message LogFire Connection closed
[ERROR] 2026-10-01 05:31:00.323 [SA-OB-UAT(414)-[(414)Thread-1399]-[111]] LogFirePage - class com.intellinum.mia.app.logfire.ui.LogFirePage
java.io.IOException: null
	at com.intellinum.mia.app.logfire.logical.JSCHManager.isConnected(JSCHManager.java:124) ~[FlexiServer.jar:?]
	at com.intellinum.mia.app.logfire.logical.LogFireSSHConnection.isAvailable(LogFireSSHConnection.java:949) ~[FlexiServer.jar:?]
	at com.intellinum.mia.app.logfire.ui.LogFirePage.logFireStatusCheck(LogFirePage.java:3904) ~[FlexiServer.jar:?]
	at com.intellinum.mia.app.runtime.FlexiRuntime.handleLogFireStatusCheck(FlexiRuntime.java:1024) ~[FlexiServer.jar:?]
	at com.intellinum.mia.app.runtime.FlexiRuntime.handleInputData(FlexiRuntime.java:658) ~[FlexiServer.jar:?]
	at com.intellinum.mia.web.WebShell.run(WebShell.java:95) ~[FlexiServer.jar:?]
[INFO ] 2026-10-01 05:31:00.323 [SA-OB-UAT(414)-[(414)Thread-1399]-[111]] WebShell - WebShell.readInputData:BenchmarkData is end of character.
[INFO ] 2026-10-01 05:31:00.323 [SA-OB-UAT(414)-[(414)Thread-1399]-[111]] GlobalTranslation - GlobalTranslation.getTranslations:companyID=-1,language=English,originalValue=SKU
[INFO ] 2026-10-01 05:31:00.323 [SA-OB-UAT(414)-[(414)Thread-1399]-[111]] GlobalTranslation - GlobalTranslation.getTranslations:translatedValue=SKU
[INFO ] 2026-10-01 05:31:00.323 [SA-OB-UAT(414)-[(414)Thread-1399]-[111]] GlobalTranslation - GlobalTranslation.getTranslations:companyID=-1,language=English,originalValue=SKU
[INFO ] 2026-10-01 05:31:00.323 [SA-OB-UAT(414)-[(414)Thread-1399]-[111]] GlobalTranslation - GlobalTranslation.getTranslations:translatedValue=SKU
[TRACE] 2026-10-01 05:31:00.323 [SA-OB-UAT(414)-[(414)Thread-1399]-[111]] WebShell - input data is null, isAlive = false, context = com.intellinum.mia.app.runtime.Context@29a990ba , thread = Thread[SA-OB-UAT(414)-[(414)Thread-1399]-[111],5,main]
[INFO ] 2026-10-01 05:31:00.373 [SA-OB-UAT(414)-[(414)Thread-1399]-[111]] FlexiWebSocket - FlexiWebSocket.closeConnection:message LogFire Connection closed
[ERROR] 2026-10-01 05:31:00.373 [SA-OB-UAT(414)-[(414)Thread-1399]-[111]] LogFirePage - class com.intellinum.mia.app.logfire.ui.LogFirePage
java.io.IOException: null
	at com.intellinum.mia.app.logfire.logical.JSCHManager.isConnected(JSCHManager.java:124) ~[FlexiServer.jar:?]
	at com.intellinum.mia.app.logfire.logical.LogFireSSHConnection.isAvailable(LogFireSSHConnection.java:949) ~[FlexiServer.jar:?]
	at com.intellinum.mia.app.logfire.ui.LogFirePage.logFireStatusCheck(LogFirePage.java:3904) ~[FlexiServer.jar:?]
	at com.intellinum.mia.app.runtime.FlexiRuntime.handleLogFireStatusCheck(FlexiRuntime.java:1024) ~[FlexiServer.jar:?]
	at com.intellinum.mia.app.runtime.FlexiRuntime.handleInputData(FlexiRuntime.java:658) ~[FlexiServer.jar:?]
	at com.intellinum.mia.web.WebShell.run(WebShell.java:95) ~[FlexiServer.jar:?]
[INFO ] 2026-10-01 05:31:00.373 [SA-OB-UAT(414)-[(414)Thread-1399]-[111]] WebShell - WebShell.readInputData:BenchmarkData is end of character.
[INFO ] 2026-10-01 05:31:00.373 [SA-OB-UAT(414)-[(414)Thread-1399]-[111]] GlobalTranslation - GlobalTranslation.getTranslations:companyID=-1,language=English,originalValue=SKU
[INFO ] 2026-10-01 05:31:00.373 [SA-OB-UAT(414)-[(414)Thread-1399]-[111]] GlobalTranslation - GlobalTranslation.getTranslations:translatedValue=SKU
[INFO ] 2026-10-01 05:31:00.373 [SA-OB-UAT(414)-[(414)Thread-1399]-[111]] GlobalTranslation - GlobalTranslation.getTranslations:companyID=-1,language=English,originalValue=SKU
[INFO ] 2026-10-01 05:31:00.373 [SA-OB-UAT(414)-[(414)Thread-1399]-[111]] GlobalTranslation - GlobalTranslation.getTranslations:translatedValue=SKU
[TRACE] 2026-10-01 05:31:00.373 [SA-OB-UAT(414)-[(414)Thread-1399]-[111]] WebShell - input data is null, isAlive = false, context = com.intellinum.mia.app.runtime.Context@29a990ba , thread = Thread[SA-OB-UAT(414)-[(414)Thread-1399]-[111],5,main]
[INFO ] 2026-10-01 05:31:00.423 [SA-OB-UAT(414)-[(414)Thread-1399]-[111]] FlexiWebSocket - FlexiWebSocket.closeConnection:message LogFire Connection closed
[ERROR] 2026-10-01 05:31:00.423 [SA-OB-UAT(414)-[(414)Thread-1399]-[111]] LogFirePage - class com.intellinum.mia.app.logfire.ui.LogFirePage
java.io.IOException: null
	at com.intellinum.mia.app.logfire.logical.JSCHManager.isConnected(JSCHManager.java:124) ~[FlexiServer.jar:?]
	at com.intellinum.mia.app.logfire.logical.LogFireSSHConnection.isAvailable(LogFireSSHConnection.java:949) ~[FlexiServer.jar:?]
	at com.intellinum.mia.app.logfire.ui.LogFirePage.logFireStatusCheck(LogFirePage.java:3904) ~[FlexiServer.jar:?]
	at com.intellinum.mia.app.runtime.FlexiRuntime.handleLogFireStatusCheck(FlexiRuntime.java:1024) ~[FlexiServer.jar:?]
	at com.intellinum.mia.app.runtime.FlexiRuntime.handleInputData(FlexiRuntime.java:658) ~[FlexiServer.jar:?]
	at com.intellinum.mia.web.WebShell.run(WebShell.java:95) ~[FlexiServer.jar:?]
[INFO ] 2026-10-01 05:31:00.423 [SA-OB-UAT(414)-[(414)Thread-1399]-[111]] WebShell - WebShell.readInputData:BenchmarkData is end of character.
[INFO ] 2026-10-01 05:31:00.423 [SA-OB-UAT(414)-[(414)Thread-1399]-[111]] GlobalTranslation - GlobalTranslation.getTranslations:companyID=-1,language=English,originalValue=SKU
[INFO ] 2026-10-01 05:31:00.423 [SA-OB-UAT(414)-[(414)Thread-1399]-[111]] GlobalTranslation - GlobalTranslation.getTranslations:translatedValue=SKU
[INFO ] 2026-10-01 05:31:00.423 [SA-OB-UAT(414)-[(414)Thread-1399]-[111]] GlobalTranslation - GlobalTranslation.getTranslations:companyID=-1,language=English,originalValue=SKU
[INFO ] 2026-10-01 05:31:00.423 [SA-OB-UAT(414)-[(414)Thread-1399]-[111]] GlobalTranslation - GlobalTranslation.getTranslations:translatedValue=SKU
[TRACE] 2026-10-01 05:31:00.423 [SA-OB-UAT(414)-[(414)Thread-1399]-[111]] WebShell - input data is null, isAlive = false, context = com.intellinum.mia.app.runtime.Context@29a990ba , thread = Thread[SA-OB-UAT(414)-[(414)Thread-1399]-[111],5,main]
[INFO ] 2026-10-01 05:31:00.473 [SA-OB-UAT(414)-[(414)Thread-1399]-[111]] FlexiWebSocket - FlexiWebSocket.closeConnection:message LogFire Connection closed
[ERROR] 2026-10-01 05:31:00.473 [SA-OB-UAT(414)-[(414)Thread-1399]-[111]] LogFirePage - class com.intellinum.mia.app.logfire.ui.LogFirePage
java.io.IOException: null
	at com.intellinum.mia.app.logfire.logical.JSCHManager.isConnected(JSCHManager.java:124) ~[FlexiServer.jar:?]
	at com.intellinum.mia.app.logfire.logical.LogFireSSHConnection.isAvailable(LogFireSSHConnection.java:949) ~[FlexiServer.jar:?]
	at com.intellinum.mia.app.logfire.ui.LogFirePage.logFireStatusCheck(LogFirePage.java:3904) ~[FlexiServer.jar:?]
	at com.intellinum.mia.app.runtime.FlexiRuntime.handleLogFireStatusCheck(FlexiRuntime.java:1024) ~[FlexiServer.jar:?]
	at com.intellinum.mia.app.runtime.FlexiRuntime.handleInputData(FlexiRuntime.java:658) ~[FlexiServer.jar:?]
	at com.intellinum.mia.web.WebShell.run(WebShell.java:95) ~[FlexiServer.jar:?]
[INFO ] 2026-10-01 05:31:00.473 [SA-OB-UAT(414)-[(414)Thread-1399]-[111]] WebShell - WebShell.readInputData:BenchmarkData is end of character.
[INFO ] 2026-10-01 05:31:00.473 [SA-OB-UAT(414)-[(414)Thread-1399]-[111]] GlobalTranslation - GlobalTranslation.getTranslations:companyID=-1,language=English,originalValue=SKU
[INFO ] 2026-10-01 05:31:00.473 [SA-OB-UAT(414)-[(414)Thread-1399]-[111]] GlobalTranslation - GlobalTranslation.getTranslations:translatedValue=SKU
[INFO ] 2026-10-01 05:31:00.473 [SA-OB-UAT(414)-[(414)Thread-1399]-[111]] GlobalTranslation - GlobalTranslation.getTranslations:companyID=-1,language=English,originalValue=SKU
[INFO ] 2026-10-01 05:31:00.473 [SA-OB-UAT(414)-[(414)Thread-1399]-[111]] GlobalTranslation - GlobalTranslation.getTranslations:translatedValue=SKU
[TRACE] 2026-10-01 05:31:00.473 [SA-OB-UAT(414)-[(414)Thread-1399]-[111]] WebShell - input data is null, isAlive = false, context = com.intellinum.mia.app.runtime.Context@29a990ba , thread = Thread[SA-OB-UAT(414)-[(414)Thread-1399]-[111],5,main]
[INFO ] 2026-10-01 05:31:00.523 [SA-OB-UAT(414)-[(414)Thread-1399]-[111]] FlexiWebSocket - FlexiWebSocket.closeConnection:message LogFire Connection closed
[ERROR] 2026-10-01 05:31:00.524 [SA-OB-UAT(414)-[(414)Thread-1399]-[111]] LogFirePage - class com.intellinum.mia.app.logfire.ui.LogFirePage
java.io.IOException: null
	at com.intellinum.mia.app.logfire.logical.JSCHManager.isConnected(JSCHManager.java:124) ~[FlexiServer.jar:?]
	at com.intellinum.mia.app.logfire.logical.LogFireSSHConnection.isAvailable(LogFireSSHConnection.java:949) ~[FlexiServer.jar:?]
	at com.intellinum.mia.app.logfire.ui.LogFirePage.logFireStatusCheck(LogFirePage.java:3904) ~[FlexiServer.jar:?]
	at com.intellinum.mia.app.runtime.FlexiRuntime.handleLogFireStatusCheck(FlexiRuntime.java:1024) ~[FlexiServer.jar:?]
	at com.intellinum.mia.app.runtime.FlexiRuntime.handleInputData(FlexiRuntime.java:658) ~[FlexiServer.jar:?]
	at com.intellinum.mia.web.WebShell.run(WebShell.java:95) ~[FlexiServer.jar:?]
[INFO ] 2026-10-01 05:31:00.524 [SA-OB-UAT(414)-[(414)Thread-1399]-[111]] WebShell - WebShell.readInputData:BenchmarkData is end of character.
[INFO ] 2026-10-01 05:31:00.524 [SA-OB-UAT(414)-[(414)Thread-1399]-[111]] GlobalTranslation - GlobalTranslation.getTranslations:companyID=-1,language=English,originalValue=SKU
[INFO ] 2026-10-01 05:31:00.524 [SA-OB-UAT(414)-[(414)Thread-1399]-[111]] GlobalTranslation - GlobalTranslation.getTranslations:translatedValue=SKU
[INFO ] 2026-10-01 05:31:00.524 [SA-OB-UAT(414)-[(414)Thread-1399]-[111]] GlobalTranslation - GlobalTranslation.getTranslations:companyID=-1,language=English,originalValue=SKU
[INFO ] 2026-10-01 05:31:00.524 [SA-OB-UAT(414)-[(414)Thread-1399]-[111]] GlobalTranslation - GlobalTranslation.getTranslations:translatedValue=SKU
[TRACE] 2026-10-01 05:31:00.524 [SA-OB-UAT(414)-[(414)Thread-1399]-[111]] WebShell - input data is null, isAlive = false, context = com.intellinum.mia.app.runtime.Context@29a990ba , thread = Thread[SA-OB-UAT(414)-[(414)Thread-1399]-[111],5,main]
[INFO ] 2026-10-01 05:31:00.573 [SA-OB-UAT(414)-[(414)Thread-1399]-[111]] FlexiWebSocket - FlexiWebSocket.closeConnection:message LogFire Connection closed
[ERROR] 2026-10-01 05:31:00.574 [SA-OB-UAT(414)-[(414)Thread-1399]-[111]] LogFirePage - class com.intellinum.mia.app.logfire.ui.LogFirePage
java.io.IOException: null
	at com.intellinum.mia.app.logfire.logical.JSCHManager.isConnected(JSCHManager.java:124) ~[FlexiServer.jar:?]
	at com.intellinum.mia.app.logfire.logical.LogFireSSHConnection.isAvailable(LogFireSSHConnection.java:949) ~[FlexiServer.jar:?]
	at com.intellinum.mia.app.logfire.ui.LogFirePage.logFireStatusCheck(LogFirePage.java:3904) ~[FlexiServer.jar:?]
	at com.intellinum.mia.app.runtime.FlexiRuntime.handleLogFireStatusCheck(FlexiRuntime.java:1024) ~[FlexiServer.jar:?]
	at com.intellinum.mia.app.runtime.FlexiRuntime.handleInputData(FlexiRuntime.java:658) ~[FlexiServer.jar:?]
	at com.intellinum.mia.web.WebShell.run(WebShell.java:95) ~[FlexiServer.jar:?]
[INFO ] 2026-10-01 05:31:00.574 [SA-OB-UAT(414)-[(414)Thread-1399]-[111]] WebShell - WebShell.readInputData:BenchmarkData is end of character.
[INFO ] 2026-10-01 05:31:00.574 [SA-OB-UAT(414)-[(414)Thread-1399]-[111]] GlobalTranslation - GlobalTranslation.getTranslations:companyID=-1,language=English,originalValue=SKU
[INFO ] 2026-10-01 05:31:00.574 [SA-OB-UAT(414)-[(414)Thread-1399]-[111]] GlobalTranslation - GlobalTranslation.getTranslations:translatedValue=SKU
[INFO ] 2026-10-01 05:31:00.574 [SA-OB-UAT(414)-[(414)Thread-1399]-[111]] GlobalTranslation - GlobalTranslation.getTranslations:companyID=-1,language=English,originalValue=SKU
[INFO ] 2026-10-01 05:31:00.574 [SA-OB-UAT(414)-[(414)Thread-1399]-[111]] GlobalTranslation - GlobalTranslation.getTranslations:translatedValue=SKU
[TRACE] 2026-10-01 05:31:00.574 [SA-OB-UAT(414)-[(414)Thread-1399]-[111]] WebShell - input data is null, isAlive = false, context = com.intellinum.mia.app.runtime.Context@29a990ba , thread = Thread[SA-OB-UAT(414)-[(414)Thread-1399]-[111],5,main]
[INFO ] 2026-10-01 05:31:00.624 [SA-OB-UAT(414)-[(414)Thread-1399]-[111]] FlexiWebSocket - FlexiWebSocket.closeConnection:message LogFire Connection closed
[ERROR] 2026-10-01 05:31:00.624 [SA-OB-UAT(414)-[(414)Thread-1399]-[111]] LogFirePage - class com.intellinum.mia.app.logfire.ui.LogFirePage
java.io.IOException: null
	at com.intellinum.mia.app.logfire.logical.JSCHManager.isConnected(JSCHManager.java:124) ~[FlexiServer.jar:?]
	at com.intellinum.mia.app.logfire.logical.LogFireSSHConnection.isAvailable(LogFireSSHConnection.java:949) ~[FlexiServer.jar:?]
	at com.intellinum.mia.app.logfire.ui.LogFirePage.logFireStatusCheck(LogFirePage.java:3904) ~[FlexiServer.jar:?]
	at com.intellinum.mia.app.runtime.FlexiRuntime.handleLogFireStatusCheck(FlexiRuntime.java:1024) ~[FlexiServer.jar:?]
	at com.intellinum.mia.app.runtime.FlexiRuntime.handleInputData(FlexiRuntime.java:658) ~[FlexiServer.jar:?]
	at com.intellinum.mia.web.WebShell.run(WebShell.java:95) ~[FlexiServer.jar:?]
[INFO ] 2026-10-01 05:31:00.624 [SA-OB-UAT(414)-[(414)Thread-1399]-[111]] WebShell - WebShell.readInputData:BenchmarkData is end of character.
[INFO ] 2026-10-01 05:31:00.624 [SA-OB-UAT(414)-[(414)Thread-1399]-[111]] GlobalTranslation - GlobalTranslation.getTranslations:companyID=-1,language=English,originalValue=SKU
[INFO ] 2026-10-01 05:31:00.624 [SA-OB-UAT(414)-[(414)Thread-1399]-[111]] GlobalTranslation - GlobalTranslation.getTranslations:translatedValue=SKU
[INFO ] 2026-10-01 05:31:00.624 [SA-OB-UAT(414)-[(414)Thread-1399]-[111]] GlobalTranslation - GlobalTranslation.getTranslations:companyID=-1,language=English,originalValue=SKU
[INFO ] 2026-10-01 05:31:00.624 [SA-OB-UAT(414)-[(414)Thread-1399]-[111]] GlobalTranslation - GlobalTranslation.getTranslations:translatedValue=SKU
[TRACE] 2026-10-01 05:31:00.624 [SA-OB-UAT(414)-[(414)Thread-1399]-[111]] WebShell - input data is null, isAlive = false, context = com.intellinum.mia.app.runtime.Context@29a990ba , thread = Thread[SA-OB-UAT(414)-[(414)Thread-1399]-[111],5,main]
[INFO ] 2026-10-01 05:31:00.674 [SA-OB-UAT(414)-[(414)Thread-1399]-[111]] FlexiWebSocket - FlexiWebSocket.closeConnection:message LogFire Connection closed
[ERROR] 2026-10-01 05:31:00.674 [SA-OB-UAT(414)-[(414)Thread-1399]-[111]] LogFirePage - class com.intellinum.mia.app.logfire.ui.LogFirePage
java.io.IOException: null
	at com.intellinum.mia.app.logfire.logical.JSCHManager.isConnected(JSCHManager.java:124) ~[FlexiServer.jar:?]
	at com.intellinum.mia.app.logfire.logical.LogFireSSHConnection.isAvailable(LogFireSSHConnection.java:949) ~[FlexiServer.jar:?]
	at com.intellinum.mia.app.logfire.ui.LogFirePage.logFireStatusCheck(LogFirePage.java:3904) ~[FlexiServer.jar:?]
	at com.intellinum.mia.app.runtime.FlexiRuntime.handleLogFireStatusCheck(FlexiRuntime.java:1024) ~[FlexiServer.jar:?]
	at com.intellinum.mia.app.runtime.FlexiRuntime.handleInputData(FlexiRuntime.java:658) ~[FlexiServer.jar:?]
	at com.intellinum.mia.web.WebShell.run(WebShell.java:95) ~[FlexiServer.jar:?]
[INFO ] 2026-10-01 05:31:00.674 [SA-OB-UAT(414)-[(414)Thread-1399]-[111]] WebShell - WebShell.readInputData:BenchmarkData is end of character.
[INFO ] 2026-10-01 05:31:00.674 [SA-OB-UAT(414)-[(414)Thread-1399]-[111]] GlobalTranslation - GlobalTranslation.getTranslations:companyID=-1,language=English,originalValue=SKU
[INFO ] 2026-10-01 05:31:00.674 [SA-OB-UAT(414)-[(414)Thread-1399]-[111]] GlobalTranslation - GlobalTranslation.getTranslations:translatedValue=SKU
[INFO ] 2026-10-01 05:31:00.674 [SA-OB-UAT(414)-[(414)Thread-1399]-[111]] GlobalTranslation - GlobalTranslation.getTranslations:companyID=-1,language=English,originalValue=SKU
[INFO ] 2026-10-01 05:31:00.674 [SA-OB-UAT(414)-[(414)Thread-1399]-[111]] GlobalTranslation - GlobalTranslation.getTranslations:translatedValue=SKU
[TRACE] 2026-10-01 05:31:00.674 [SA-OB-UAT(414)-[(414)Thread-1399]-[111]] WebShell - input data is null, isAlive = false, context = com.intellinum.mia.app.runtime.Context@29a990ba , thread = Thread[SA-OB-UAT(414)-[(414)Thread-1399]-[111],5,main]
[INFO ] 2026-10-01 05:31:00.724 [SA-OB-UAT(414)-[(414)Thread-1399]-[111]] FlexiWebSocket - FlexiWebSocket.closeConnection:message LogFire Connection closed
[ERROR] 2026-10-01 05:31:00.724 [SA-OB-UAT(414)-[(414)Thread-1399]-[111]] LogFirePage - class com.intellinum.mia.app.logfire.ui.LogFirePage
java.io.IOException: null
	at com.intellinum.mia.app.logfire.logical.JSCHManager.isConnected(JSCHManager.java:124) ~[FlexiServer.jar:?]
	at com.intellinum.mia.app.logfire.logical.LogFireSSHConnection.isAvailable(LogFireSSHConnection.java:949) ~[FlexiServer.jar:?]
	at com.intellinum.mia.app.logfire.ui.LogFirePage.logFireStatusCheck(LogFirePage.java:3904) ~[FlexiServer.jar:?]
	at com.intellinum.mia.app.runtime.FlexiRuntime.handleLogFireStatusCheck(FlexiRuntime.java:1024) ~[FlexiServer.jar:?]
	at com.intellinum.mia.app.runtime.FlexiRuntime.handleInputData(FlexiRuntime.java:658) ~[FlexiServer.jar:?]
	at com.intellinum.mia.web.WebShell.run(WebShell.java:95) ~[FlexiServer.jar:?]
[INFO ] 2026-10-01 05:31:00.724 [SA-OB-UAT(414)-[(414)Thread-1399]-[111]] WebShell - WebShell.readInputData:BenchmarkData is end of character.
[INFO ] 2026-10-01 05:31:00.724 [SA-OB-UAT(414)-[(414)Thread-1399]-[111]] GlobalTranslation - GlobalTranslation.getTranslations:companyID=-1,language=English,originalValue=SKU
[INFO ] 2026-10-01 05:31:00.724 [SA-OB-UAT(414)-[(414)Thread-1399]-[111]] GlobalTranslation - GlobalTranslation.getTranslations:translatedValue=SKU
[INFO ] 2026-10-01 05:31:00.724 [SA-OB-UAT(414)-[(414)Thread-1399]-[111]] GlobalTranslation - GlobalTranslation.getTranslations:companyID=-1,language=English,originalValue=SKU
[INFO ] 2026-10-01 05:31:00.724 [SA-OB-UAT(414)-[(414)Thread-1399]-[111]] GlobalTranslation - GlobalTranslation.getTranslations:translatedValue=SKU
[TRACE] 2026-10-01 05:31:00.724 [SA-OB-UAT(414)-[(414)Thread-1399]-[111]] WebShell - input data is null, isAlive = false, context = com.intellinum.mia.app.runtime.Context@29a990ba , thread = Thread[SA-OB-UAT(414)-[(414)Thread-1399]-[111],5,main]
[INFO ] 2026-10-01 05:31:00.774 [SA-OB-UAT(414)-[(414)Thread-1399]-[111]] FlexiWebSocket - FlexiWebSocket.closeConnection:message LogFire Connection closed
[ERROR] 2026-10-01 05:31:00.774 [SA-OB-UAT(414)-[(414)Thread-1399]-[111]] LogFirePage - class com.intellinum.mia.app.logfire.ui.LogFirePage
java.io.IOException: null
	at com.intellinum.mia.app.logfire.logical.JSCHManager.isConnected(JSCHManager.java:124) ~[FlexiServer.jar:?]
	at com.intellinum.mia.app.logfire.logical.LogFireSSHConnection.isAvailable(LogFireSSHConnection.java:949) ~[FlexiServer.jar:?]
	at com.intellinum.mia.app.logfire.ui.LogFirePage.logFireStatusCheck(LogFirePage.java:3904) ~[FlexiServer.jar:?]
	at com.intellinum.mia.app.runtime.FlexiRuntime.handleLogFireStatusCheck(FlexiRuntime.java:1024) ~[FlexiServer.jar:?]
	at com.intellinum.mia.app.runtime.FlexiRuntime.handleInputData(FlexiRuntime.java:658) ~[FlexiServer.jar:?]
	at com.intellinum.mia.web.WebShell.run(WebShell.java:95) ~[FlexiServer.jar:?]
[INFO ] 2026-10-01 05:31:00.774 [SA-OB-UAT(414)-[(414)Thread-1399]-[111]] WebShell - WebShell.readInputData:BenchmarkData is end of character.
[INFO ] 2026-10-01 05:31:00.774 [SA-OB-UAT(414)-[(414)Thread-1399]-[111]] GlobalTranslation - GlobalTranslation.getTranslations:companyID=-1,language=English,originalValue=SKU
[INFO ] 2026-10-01 05:31:00.774 [SA-OB-UAT(414)-[(414)Thread-1399]-[111]] GlobalTranslation - GlobalTranslation.getTranslations:translatedValue=SKU
[INFO ] 2026-10-01 05:31:00.774 [SA-OB-UAT(414)-[(414)Thread-1399]-[111]] GlobalTranslation - GlobalTranslation.getTranslations:companyID=-1,language=English,originalValue=SKU
[INFO ] 2026-10-01 05:31:00.774 [SA-OB-UAT(414)-[(414)Thread-1399]-[111]] GlobalTranslation - GlobalTranslation.getTranslations:translatedValue=SKU
[TRACE] 2026-10-01 05:31:00.774 [SA-OB-UAT(414)-[(414)Thread-1399]-[111]] WebShell - input data is null, isAlive = false, context = com.intellinum.mia.app.runtime.Context@29a990ba , thread = Thread[SA-OB-UAT(414)-[(414)Thread-1399]-[111],5,main]
[INFO ] 2026-10-01 05:31:00.824 [SA-OB-UAT(414)-[(414)Thread-1399]-[111]] FlexiWebSocket - FlexiWebSocket.closeConnection:message LogFire Connection closed
[ERROR] 2026-10-01 05:31:00.824 [SA-OB-UAT(414)-[(414)Thread-1399]-[111]] LogFirePage - class com.intellinum.mia.app.logfire.ui.LogFirePage
java.io.IOException: null
	at com.intellinum.mia.app.logfire.logical.JSCHManager.isConnected(JSCHManager.java:124) ~[FlexiServer.jar:?]
	at com.intellinum.mia.app.logfire.logical.LogFireSSHConnection.isAvailable(LogFireSSHConnection.java:949) ~[FlexiServer.jar:?]
	at com.intellinum.mia.app.logfire.ui.LogFirePage.logFireStatusCheck(LogFirePage.java:3904) ~[FlexiServer.jar:?]
	at com.intellinum.mia.app.runtime.FlexiRuntime.handleLogFireStatusCheck(FlexiRuntime.java:1024) ~[FlexiServer.jar:?]
	at com.intellinum.mia.app.runtime.FlexiRuntime.handleInputData(FlexiRuntime.java:658) ~[FlexiServer.jar:?]
	at com.intellinum.mia.web.WebShell.run(WebShell.java:95) ~[FlexiServer.jar:?]
[INFO ] 2026-10-01 05:31:00.824 [SA-OB-UAT(414)-[(414)Thread-1399]-[111]] WebShell - WebShell.readInputData:BenchmarkData is end of character.
[INFO ] 2026-10-01 05:31:00.824 [SA-OB-UAT(414)-[(414)Thread-1399]-[111]] GlobalTranslation - GlobalTranslation.getTranslations:companyID=-1,language=English,originalValue=SKU
[INFO ] 2026-10-01 05:31:00.824 [SA-OB-UAT(414)-[(414)Thread-1399]-[111]] GlobalTranslation - GlobalTranslation.getTranslations:translatedValue=SKU
[INFO ] 2026-10-01 05:31:00.824 [SA-OB-UAT(414)-[(414)Thread-1399]-[111]] GlobalTranslation - GlobalTranslation.getTranslations:companyID=-1,language=English,originalValue=SKU
[INFO ] 2026-10-01 05:31:00.824 [SA-OB-UAT(414)-[(414)Thread-1399]-[111]] GlobalTranslation - GlobalTranslation.getTranslations:translatedValue=SKU
[TRACE] 2026-10-01 05:31:00.824 [SA-OB-UAT(414)-[(414)Thread-1399]-[111]] WebShell - input data is null, isAlive = false, context = com.intellinum.mia.app.runtime.Context@29a990ba , thread = Thread[SA-OB-UAT(414)-[(414)Thread-1399]-[111],5,main]
[INFO ] 2026-10-01 05:31:00.874 [SA-OB-UAT(414)-[(414)Thread-1399]-[111]] FlexiWebSocket - FlexiWebSocket.closeConnection:message LogFire Connection closed
[ERROR] 2026-10-01 05:31:00.874 [SA-OB-UAT(414)-[(414)Thread-1399]-[111]] LogFirePage - class com.intellinum.mia.app.logfire.ui.LogFirePage
java.io.IOException: null
	at com.intellinum.mia.app.logfire.logical.JSCHManager.isConnected(JSCHManager.java:124) ~[FlexiServer.jar:?]
	at com.intellinum.mia.app.logfire.logical.LogFireSSHConnection.isAvailable(LogFireSSHConnection.java:949) ~[FlexiServer.jar:?]
	at com.intellinum.mia.app.logfire.ui.LogFirePage.logFireStatusCheck(LogFirePage.java:3904) ~[FlexiServer.jar:?]
	at com.intellinum.mia.app.runtime.FlexiRuntime.handleLogFireStatusCheck(FlexiRuntime.java:1024) ~[FlexiServer.jar:?]
	at com.intellinum.mia.app.runtime.FlexiRuntime.handleInputData(FlexiRuntime.java:658) ~[FlexiServer.jar:?]
	at com.intellinum.mia.web.WebShell.run(WebShell.java:95) ~[FlexiServer.jar:?]
[INFO ] 2026-10-01 05:31:00.874 [SA-OB-UAT(414)-[(414)Thread-1399]-[111]] WebShell - WebShell.readInputData:BenchmarkData is end of character.
[INFO ] 2026-10-01 05:31:00.874 [SA-OB-UAT(414)-[(414)Thread-1399]-[111]] GlobalTranslation - GlobalTranslation.getTranslations:companyID=-1,language=English,originalValue=SKU
[INFO ] 2026-10-01 05:31:00.874 [SA-OB-UAT(414)-[(414)Thread-1399]-[111]] GlobalTranslation - GlobalTranslation.getTranslations:translatedValue=SKU
[INFO ] 2026-10-01 05:31:00.874 [SA-OB-UAT(414)-[(414)Thread-1399]-[111]] GlobalTranslation - GlobalTranslation.getTranslations:companyID=-1,language=English,originalValue=SKU
[INFO ] 2026-10-01 05:31:00.874 [SA-OB-UAT(414)-[(414)Thread-1399]-[111]] GlobalTranslation - GlobalTranslation.getTranslations:translatedValue=SKU
[TRACE] 2026-10-01 05:31:00.874 [SA-OB-UAT(414)-[(414)Thread-1399]-[111]] WebShell - input data is null, isAlive = false, context = com.intellinum.mia.app.runtime.Context@29a990ba , thread = Thread[SA-OB-UAT(414)-[(414)Thread-1399]-[111],5,main]
[INFO ] 2026-10-01 05:31:00.924 [SA-OB-UAT(414)-[(414)Thread-1399]-[111]] FlexiWebSocket - FlexiWebSocket.closeConnection:message LogFire Connection closed
[ERROR] 2026-10-01 05:31:00.924 [SA-OB-UAT(414)-[(414)Thread-1399]-[111]] LogFirePage - class com.intellinum.mia.app.logfire.ui.LogFirePage
java.io.IOException: null
	at com.intellinum.mia.app.logfire.logical.JSCHManager.isConnected(JSCHManager.java:124) ~[FlexiServer.jar:?]
	at com.intellinum.mia.app.logfire.logical.LogFireSSHConnection.isAvailable(LogFireSSHConnection.java:949) ~[FlexiServer.jar:?]
	at com.intellinum.mia.app.logfire.ui.LogFirePage.logFireStatusCheck(LogFirePage.java:3904) ~[FlexiServer.jar:?]
	at com.intellinum.mia.app.runtime.FlexiRuntime.handleLogFireStatusCheck(FlexiRuntime.java:1024) ~[FlexiServer.jar:?]
	at com.intellinum.mia.app.runtime.FlexiRuntime.handleInputData(FlexiRuntime.java:658) ~[FlexiServer.jar:?]
	at com.intellinum.mia.web.WebShell.run(WebShell.java:95) ~[FlexiServer.jar:?]
[INFO ] 2026-10-01 05:31:00.924 [SA-OB-UAT(414)-[(414)Thread-1399]-[111]] WebShell - WebShell.readInputData:BenchmarkData is end of character.
[INFO ] 2026-10-01 05:31:00.924 [SA-OB-UAT(414)-[(414)Thread-1399]-[111]] GlobalTranslation - GlobalTranslation.getTranslations:companyID=-1,language=English,originalValue=SKU
[INFO ] 2026-10-01 05:31:00.924 [SA-OB-UAT(414)-[(414)Thread-1399]-[111]] GlobalTranslation - GlobalTranslation.getTranslations:translatedValue=SKU
[INFO ] 2026-10-01 05:31:00.924 [SA-OB-UAT(414)-[(414)Thread-1399]-[111]] GlobalTranslation - GlobalTranslation.getTranslations:companyID=-1,language=English,originalValue=SKU
[INFO ] 2026-10-01 05:31:00.924 [SA-OB-UAT(414)-[(414)Thread-1399]-[111]] GlobalTranslation - GlobalTranslation.getTranslations:translatedValue=SKU
[TRACE] 2026-10-01 05:31:00.924 [SA-OB-UAT(414)-[(414)Thread-1399]-[111]] WebShell - input data is null, isAlive = false, context = com.intellinum.mia.app.runtime.Context@29a990ba , thread = Thread[SA-OB-UAT(414)-[(414)Thread-1399]-[111],5,main]
[INFO ] 2026-10-01 05:31:00.974 [SA-OB-UAT(414)-[(414)Thread-1399]-[111]] FlexiWebSocket - FlexiWebSocket.closeConnection:message LogFire Connection closed
[ERROR] 2026-10-01 05:31:00.974 [SA-OB-UAT(414)-[(414)Thread-1399]-[111]] LogFirePage - class com.intellinum.mia.app.logfire.ui.LogFirePage
java.io.IOException: null
	at com.intellinum.mia.app.logfire.logical.JSCHManager.isConnected(JSCHManager.java:124) ~[FlexiServer.jar:?]
	at com.intellinum.mia.app.logfire.logical.LogFireSSHConnection.isAvailable(LogFireSSHConnection.java:949) ~[FlexiServer.jar:?]
	at com.intellinum.mia.app.logfire.ui.LogFirePage.logFireStatusCheck(LogFirePage.java:3904) ~[FlexiServer.jar:?]
	at com.intellinum.mia.app.runtime.FlexiRuntime.handleLogFireStatusCheck(FlexiRuntime.java:1024) ~[FlexiServer.jar:?]
	at com.intellinum.mia.app.runtime.FlexiRuntime.handleInputData(FlexiRuntime.java:658) ~[FlexiServer.jar:?]
	at com.intellinum.mia.web.WebShell.run(WebShell.java:95) ~[FlexiServer.jar:?]
[INFO ] 2026-10-01 05:31:00.974 [SA-OB-UAT(414)-[(414)Thread-1399]-[111]] WebShell - WebShell.readInputData:BenchmarkData is end of character.
[INFO ] 2026-10-01 05:31:00.974 [SA-OB-UAT(414)-[(414)Thread-1399]-[111]] GlobalTranslation - GlobalTranslation.getTranslations:companyID=-1,language=English,originalValue=SKU
[INFO ] 2026-10-01 05:31:00.974 [SA-OB-UAT(414)-[(414)Thread-1399]-[111]] GlobalTranslation - GlobalTranslation.getTranslations:translatedValue=SKU
[INFO ] 2026-10-01 05:31:00.974 [SA-OB-UAT(414)-[(414)Thread-1399]-[111]] GlobalTranslation - GlobalTranslation.getTranslations:companyID=-1,language=English,originalValue=SKU
[INFO ] 2026-10-01 05:31:00.974 [SA-OB-UAT(414)-[(414)Thread-1399]-[111]] GlobalTranslation - GlobalTranslation.getTranslations:translatedValue=SKU
[TRACE] 2026-10-01 05:31:00.974 [SA-OB-UAT(414)-[(414)Thread-1399]-[111]] WebShell - input data is null, isAlive = false, context = com.intellinum.mia.app.runtime.Context@29a990ba , thread = Thread[SA-OB-UAT(414)-[(414)Thread-1399]-[111],5,main]
[INFO ] 2026-10-01 05:31:01.024 [SA-OB-UAT(414)-[(414)Thread-1399]-[111]] FlexiWebSocket - FlexiWebSocket.closeConnection:message LogFire Connection closed
[ERROR] 2026-10-01 05:31:01.024 [SA-OB-UAT(414)-[(414)Thread-1399]-[111]] LogFirePage - class com.intellinum.mia.app.logfire.ui.LogFirePage
java.io.IOException: null
	at com.intellinum.mia.app.logfire.logical.JSCHManager.isConnected(JSCHManager.java:124) ~[FlexiServer.jar:?]
	at com.intellinum.mia.app.logfire.logical.LogFireSSHConnection.isAvailable(LogFireSSHConnection.java:949) ~[FlexiServer.jar:?]
	at com.intellinum.mia.app.logfire.ui.LogFirePage.logFireStatusCheck(LogFirePage.java:3904) ~[FlexiServer.jar:?]
	at com.intellinum.mia.app.runtime.FlexiRuntime.handleLogFireStatusCheck(FlexiRuntime.java:1024) ~[FlexiServer.jar:?]
	at com.intellinum.mia.app.runtime.FlexiRuntime.handleInputData(FlexiRuntime.java:658) ~[FlexiServer.jar:?]
	at com.intellinum.mia.web.WebShell.run(WebShell.java:95) ~[FlexiServer.jar:?]
[INFO ] 2026-10-01 05:31:01.024 [SA-OB-UAT(414)-[(414)Thread-1399]-[111]] WebShell - WebShell.readInputData:BenchmarkData is end of character.
[INFO ] 2026-10-01 05:31:01.024 [SA-OB-UAT(414)-[(414)Thread-1399]-[111]] GlobalTranslation - GlobalTranslation.getTranslations:companyID=-1,language=English,originalValue=SKU
[INFO ] 2026-10-01 05:31:01.024 [SA-OB-UAT(414)-[(414)Thread-1399]-[111]] GlobalTranslation - GlobalTranslation.getTranslations:translatedValue=SKU
[INFO ] 2026-10-01 05:31:01.024 [SA-OB-UAT(414)-[(414)Thread-1399]-[111]] GlobalTranslation - GlobalTranslation.getTranslations:companyID=-1,language=English,originalValue=SKU
[INFO ] 2026-10-01 05:31:01.024 [SA-OB-UAT(414)-[(414)Thread-1399]-[111]] GlobalTranslation - GlobalTranslation.getTranslations:translatedValue=SKU
[TRACE] 2026-10-01 05:31:01.024 [SA-OB-UAT(414)-[(414)Thread-1399]-[111]] WebShell - input data is null, isAlive = false, context = com.intellinum.mia.app.runtime.Context@29a990ba , thread = Thread[SA-OB-UAT(414)-[(414)Thread-1399]-[111],5,main]
[INFO ] 2026-10-01 05:31:01.074 [SA-OB-UAT(414)-[(414)Thread-1399]-[111]] FlexiWebSocket - FlexiWebSocket.closeConnection:message LogFire Connection closed
[ERROR] 2026-10-01 05:31:01.074 [SA-OB-UAT(414)-[(414)Thread-1399]-[111]] LogFirePage - class com.intellinum.mia.app.logfire.ui.LogFirePage
java.io.IOException: null
	at com.intellinum.mia.app.logfire.logical.JSCHManager.isConnected(JSCHManager.java:124) ~[FlexiServer.jar:?]
	at com.intellinum.mia.app.logfire.logical.LogFireSSHConnection.isAvailable(LogFireSSHConnection.java:949) ~[FlexiServer.jar:?]
	at com.intellinum.mia.app.logfire.ui.LogFirePage.logFireStatusCheck(LogFirePage.java:3904) ~[FlexiServer.jar:?]
	at com.intellinum.mia.app.runtime.FlexiRuntime.handleLogFireStatusCheck(FlexiRuntime.java:1024) ~[FlexiServer.jar:?]
	at com.intellinum.mia.app.runtime.FlexiRuntime.handleInputData(FlexiRuntime.java:658) ~[FlexiServer.jar:?]
	at com.intellinum.mia.web.WebShell.run(WebShell.java:95) ~[FlexiServer.jar:?]
[INFO ] 2026-10-01 05:31:01.074 [SA-OB-UAT(414)-[(414)Thread-1399]-[111]] WebShell - WebShell.readInputData:BenchmarkData is end of character.
[INFO ] 2026-10-01 05:31:01.074 [SA-OB-UAT(414)-[(414)Thread-1399]-[111]] GlobalTranslation - GlobalTranslation.getTranslations:companyID=-1,language=English,originalValue=SKU
[INFO ] 2026-10-01 05:31:01.074 [SA-OB-UAT(414)-[(414)Thread-1399]-[111]] GlobalTranslation - GlobalTranslation.getTranslations:translatedValue=SKU
[INFO ] 2026-10-01 05:31:01.074 [SA-OB-UAT(414)-[(414)Thread-1399]-[111]] GlobalTranslation - GlobalTranslation.getTranslations:companyID=-1,language=English,originalValue=SKU
[INFO ] 2026-10-01 05:31:01.074 [SA-OB-UAT(414)-[(414)Thread-1399]-[111]] GlobalTranslation - GlobalTranslation.getTranslations:translatedValue=SKU
[TRACE] 2026-10-01 05:31:01.074 [SA-OB-UAT(414)-[(414)Thread-1399]-[111]] WebShell - input data is null, isAlive = false, context = com.intellinum.mia.app.runtime.Context@29a990ba , thread = Thread[SA-OB-UAT(414)-[(414)Thread-1399]-[111],5,main]
[INFO ] 2026-10-01 05:31:01.124 [SA-OB-UAT(414)-[(414)Thread-1399]-[111]] FlexiWebSocket - FlexiWebSocket.closeConnection:message LogFire Connection closed
[ERROR] 2026-10-01 05:31:01.124 [SA-OB-UAT(414)-[(414)Thread-1399]-[111]] LogFirePage - class com.intellinum.mia.app.logfire.ui.LogFirePage
java.io.IOException: null
	at com.intellinum.mia.app.logfire.logical.JSCHManager.isConnected(JSCHManager.java:124) ~[FlexiServer.jar:?]
	at com.intellinum.mia.app.logfire.logical.LogFireSSHConnection.isAvailable(LogFireSSHConnection.java:949) ~[FlexiServer.jar:?]
	at com.intellinum.mia.app.logfire.ui.LogFirePage.logFireStatusCheck(LogFirePage.java:3904) ~[FlexiServer.jar:?]
	at com.intellinum.mia.app.runtime.FlexiRuntime.handleLogFireStatusCheck(FlexiRuntime.java:1024) ~[FlexiServer.jar:?]
	at com.intellinum.mia.app.runtime.FlexiRuntime.handleInputData(FlexiRuntime.java:658) ~[FlexiServer.jar:?]
	at com.intellinum.mia.web.WebShell.run(WebShell.java:95) ~[FlexiServer.jar:?]
[INFO ] 2026-10-01 05:31:01.125 [SA-OB-UAT(414)-[(414)Thread-1399]-[111]] WebShell - WebShell.readInputData:BenchmarkData is end of character.
[INFO ] 2026-10-01 05:31:01.125 [SA-OB-UAT(414)-[(414)Thread-1399]-[111]] GlobalTranslation - GlobalTranslation.getTranslations:companyID=-1,language=English,originalValue=SKU
[INFO ] 2026-10-01 05:31:01.125 [SA-OB-UAT(414)-[(414)Thread-1399]-[111]] GlobalTranslation - GlobalTranslation.getTranslations:translatedValue=SKU
[INFO ] 2026-10-01 05:31:01.125 [SA-OB-UAT(414)-[(414)Thread-1399]-[111]] GlobalTranslation - GlobalTranslation.getTranslations:companyID=-1,language=English,originalValue=SKU
[INFO ] 2026-10-01 05:31:01.125 [SA-OB-UAT(414)-[(414)Thread-1399]-[111]] GlobalTranslation - GlobalTranslation.getTranslations:translatedValue=SKU
[TRACE] 2026-10-01 05:31:01.125 [SA-OB-UAT(414)-[(414)Thread-1399]-[111]] WebShell - input data is null, isAlive = false, context = com.intellinum.mia.app.runtime.Context@29a990ba , thread = Thread[SA-OB-UAT(414)-[(414)Thread-1399]-[111],5,main]
[INFO ] 2026-10-01 05:31:01.174 [SA-OB-UAT(414)-[(414)Thread-1399]-[111]] FlexiWebSocket - FlexiWebSocket.closeConnection:message LogFire Connection closed
[ERROR] 2026-10-01 05:31:01.175 [SA-OB-UAT(414)-[(414)Thread-1399]-[111]] LogFirePage - class com.intellinum.mia.app.logfire.ui.LogFirePage
java.io.IOException: null
	at com.intellinum.mia.app.logfire.logical.JSCHManager.isConnected(JSCHManager.java:124) ~[FlexiServer.jar:?]
	at com.intellinum.mia.app.logfire.logical.LogFireSSHConnection.isAvailable(LogFireSSHConnection.java:949) ~[FlexiServer.jar:?]
	at com.intellinum.mia.app.logfire.ui.LogFirePage.logFireStatusCheck(LogFirePage.java:3904) ~[FlexiServer.jar:?]
	at com.intellinum.mia.app.runtime.FlexiRuntime.handleLogFireStatusCheck(FlexiRuntime.java:1024) ~[FlexiServer.jar:?]
	at com.intellinum.mia.app.runtime.FlexiRuntime.handleInputData(FlexiRuntime.java:658) ~[FlexiServer.jar:?]
	at com.intellinum.mia.web.WebShell.run(WebShell.java:95) ~[FlexiServer.jar:?]
[INFO ] 2026-10-01 05:31:01.175 [SA-OB-UAT(414)-[(414)Thread-1399]-[111]] WebShell - WebShell.readInputData:BenchmarkData is end of character.
[INFO ] 2026-10-01 05:31:01.175 [SA-OB-UAT(414)-[(414)Thread-1399]-[111]] GlobalTranslation - GlobalTranslation.getTranslations:companyID=-1,language=English,originalValue=SKU
[INFO ] 2026-10-01 05:31:01.175 [SA-OB-UAT(414)-[(414)Thread-1399]-[111]] GlobalTranslation - GlobalTranslation.getTranslations:translatedValue=SKU
[INFO ] 2026-10-01 05:31:01.175 [SA-OB-UAT(414)-[(414)Thread-1399]-[111]] GlobalTranslation - GlobalTranslation.getTranslations:companyID=-1,language=English,originalValue=SKU
[INFO ] 2026-10-01 05:31:01.175 [SA-OB-UAT(414)-[(414)Thread-1399]-[111]] GlobalTranslation - GlobalTranslation.getTranslations:translatedValue=SKU
[TRACE] 2026-10-01 05:31:01.175 [SA-OB-UAT(414)-[(414)Thread-1399]-[111]] WebShell - input data is null, isAlive = false, context = com.intellinum.mia.app.runtime.Context@29a990ba , thread = Thread[SA-OB-UAT(414)-[(414)Thread-1399]-[111],5,main]
[INFO ] 2026-10-01 05:31:01.225 [SA-OB-UAT(414)-[(414)Thread-1399]-[111]] FlexiWebSocket - FlexiWebSocket.closeConnection:message LogFire Connection closed
[ERROR] 2026-10-01 05:31:01.225 [SA-OB-UAT(414)-[(414)Thread-1399]-[111]] LogFirePage - class com.intellinum.mia.app.logfire.ui.LogFirePage
java.io.IOException: null
	at com.intellinum.mia.app.logfire.logical.JSCHManager.isConnected(JSCHManager.java:124) ~[FlexiServer.jar:?]
	at com.intellinum.mia.app.logfire.logical.LogFireSSHConnection.isAvailable(LogFireSSHConnection.java:949) ~[FlexiServer.jar:?]
	at com.intellinum.mia.app.logfire.ui.LogFirePage.logFireStatusCheck(LogFirePage.java:3904) ~[FlexiServer.jar:?]
	at com.intellinum.mia.app.runtime.FlexiRuntime.handleLogFireStatusCheck(FlexiRuntime.java:1024) ~[FlexiServer.jar:?]
	at com.intellinum.mia.app.runtime.FlexiRuntime.handleInputData(FlexiRuntime.java:658) ~[FlexiServer.jar:?]
	at com.intellinum.mia.web.WebShell.run(WebShell.java:95) ~[FlexiServer.jar:?]
[INFO ] 2026-10-01 05:31:01.225 [SA-OB-UAT(414)-[(414)Thread-1399]-[111]] WebShell - WebShell.readInputData:BenchmarkData is end of character.
[INFO ] 2026-10-01 05:31:01.225 [SA-OB-UAT(414)-[(414)Thread-1399]-[111]] GlobalTranslation - GlobalTranslation.getTranslations:companyID=-1,language=English,originalValue=SKU
[INFO ] 2026-10-01 05:31:01.225 [SA-OB-UAT(414)-[(414)Thread-1399]-[111]] GlobalTranslation - GlobalTranslation.getTranslations:translatedValue=SKU
[INFO ] 2026-10-01 05:31:01.225 [SA-OB-UAT(414)-[(414)Thread-1399]-[111]] GlobalTranslation - GlobalTranslation.getTranslations:companyID=-1,language=English,originalValue=SKU
[INFO ] 2026-10-01 05:31:01.225 [SA-OB-UAT(414)-[(414)Thread-1399]-[111]] GlobalTranslation - GlobalTranslation.getTranslations:translatedValue=SKU
[TRACE] 2026-10-01 05:31:01.225 [SA-OB-UAT(414)-[(414)Thread-1399]-[111]] WebShell - input data is null, isAlive = false, context = com.intellinum.mia.app.runtime.Context@29a990ba , thread = Thread[SA-OB-UAT(414)-[(414)Thread-1399]-[111],5,main]
[INFO ] 2026-10-01 05:31:01.275 [SA-OB-UAT(414)-[(414)Thread-1399]-[111]] FlexiWebSocket - FlexiWebSocket.closeConnection:message LogFire Connection closed
[ERROR] 2026-10-01 05:31:01.275 [SA-OB-UAT(414)-[(414)Thread-1399]-[111]] LogFirePage - class com.intellinum.mia.app.logfire.ui.LogFirePage
java.io.IOException: null
	at com.intellinum.mia.app.logfire.logical.JSCHManager.isConnected(JSCHManager.java:124) ~[FlexiServer.jar:?]
	at com.intellinum.mia.app.logfire.logical.LogFireSSHConnection.isAvailable(LogFireSSHConnection.java:949) ~[FlexiServer.jar:?]
	at com.intellinum.mia.app.logfire.ui.LogFirePage.logFireStatusCheck(LogFirePage.java:3904) ~[FlexiServer.jar:?]
	at com.intellinum.mia.app.runtime.FlexiRuntime.handleLogFireStatusCheck(FlexiRuntime.java:1024) ~[FlexiServer.jar:?]
	at com.intellinum.mia.app.runtime.FlexiRuntime.handleInputData(FlexiRuntime.java:658) ~[FlexiServer.jar:?]
	at com.intellinum.mia.web.WebShell.run(WebShell.java:95) ~[FlexiServer.jar:?]
[INFO ] 2026-10-01 05:31:01.275 [SA-OB-UAT(414)-[(414)Thread-1399]-[111]] WebShell - WebShell.readInputData:BenchmarkData is end of character.
[INFO ] 2026-10-01 05:31:01.275 [SA-OB-UAT(414)-[(414)Thread-1399]-[111]] GlobalTranslation - GlobalTranslation.getTranslations:companyID=-1,language=English,originalValue=SKU
[INFO ] 2026-10-01 05:31:01.275 [SA-OB-UAT(414)-[(414)Thread-1399]-[111]] GlobalTranslation - GlobalTranslation.getTranslations:translatedValue=SKU
[INFO ] 2026-10-01 05:31:01.275 [SA-OB-UAT(414)-[(414)Thread-1399]-[111]] GlobalTranslation - GlobalTranslation.getTranslations:companyID=-1,language=English,originalValue=SKU
[INFO ] 2026-10-01 05:31:01.275 [SA-OB-UAT(414)-[(414)Thread-1399]-[111]] GlobalTranslation - GlobalTranslation.getTranslations:translatedValue=SKU
[TRACE] 2026-10-01 05:31:01.275 [SA-OB-UAT(414)-[(414)Thread-1399]-[111]] WebShell - input data is null, isAlive = false, context = com.intellinum.mia.app.runtime.Context@29a990ba , thread = Thread[SA-OB-UAT(414)-[(414)Thread-1399]-[111],5,main]
[INFO ] 2026-10-01 05:31:01.325 [SA-OB-UAT(414)-[(414)Thread-1399]-[111]] FlexiWebSocket - FlexiWebSocket.closeConnection:message LogFire Connection closed
[ERROR] 2026-10-01 05:31:01.325 [SA-OB-UAT(414)-[(414)Thread-1399]-[111]] LogFirePage - class com.intellinum.mia.app.logfire.ui.LogFirePage
java.io.IOException: null
	at com.intellinum.mia.app.logfire.logical.JSCHManager.isConnected(JSCHManager.java:124) ~[FlexiServer.jar:?]
	at com.intellinum.mia.app.logfire.logical.LogFireSSHConnection.isAvailable(LogFireSSHConnection.java:949) ~[FlexiServer.jar:?]
	at com.intellinum.mia.app.logfire.ui.LogFirePage.logFireStatusCheck(LogFirePage.java:3904) ~[FlexiServer.jar:?]
	at com.intellinum.mia.app.runtime.FlexiRuntime.handleLogFireStatusCheck(FlexiRuntime.java:1024) ~[FlexiServer.jar:?]
	at com.intellinum.mia.app.runtime.FlexiRuntime.handleInputData(FlexiRuntime.java:658) ~[FlexiServer.jar:?]
	at com.intellinum.mia.web.WebShell.run(WebShell.java:95) ~[FlexiServer.jar:?]
[INFO ] 2026-10-01 05:31:01.325 [SA-OB-UAT(414)-[(414)Thread-1399]-[111]] WebShell - WebShell.readInputData:BenchmarkData is end of character.
[INFO ] 2026-10-01 05:31:01.325 [SA-OB-UAT(414)-[(414)Thread-1399]-[111]] GlobalTranslation - GlobalTranslation.getTranslations:companyID=-1,language=English,originalValue=SKU
[INFO ] 2026-10-01 05:31:01.325 [SA-OB-UAT(414)-[(414)Thread-1399]-[111]] GlobalTranslation - GlobalTranslation.getTranslations:translatedValue=SKU
[INFO ] 2026-10-01 05:31:01.325 [SA-OB-UAT(414)-[(414)Thread-1399]-[111]] GlobalTranslation - GlobalTranslation.getTranslations:companyID=-1,language=English,originalValue=SKU
[INFO ] 2026-10-01 05:31:01.325 [SA-OB-UAT(414)-[(414)Thread-1399]-[111]] GlobalTranslation - GlobalTranslation.getTranslations:translatedValue=SKU
[TRACE] 2026-10-01 05:31:01.325 [SA-OB-UAT(414)-[(414)Thread-1399]-[111]] WebShell - input data is null, isAlive = false, context = com.intellinum.mia.app.runtime.Context@29a990ba , thread = Thread[SA-OB-UAT(414)-[(414)Thread-1399]-[111],5,main]
[INFO ] 2026-10-01 05:31:01.375 [SA-OB-UAT(414)-[(414)Thread-1399]-[111]] FlexiWebSocket - FlexiWebSocket.closeConnection:message LogFire Connection closed
[ERROR] 2026-10-01 05:31:01.375 [SA-OB-UAT(414)-[(414)Thread-1399]-[111]] LogFirePage - class com.intellinum.mia.app.logfire.ui.LogFirePage
java.io.IOException: null
	at com.intellinum.mia.app.logfire.logical.JSCHManager.isConnected(JSCHManager.java:124) ~[FlexiServer.jar:?]
	at com.intellinum.mia.app.logfire.logical.LogFireSSHConnection.isAvailable(LogFireSSHConnection.java:949) ~[FlexiServer.jar:?]
	at com.intellinum.mia.app.logfire.ui.LogFirePage.logFireStatusCheck(LogFirePage.java:3904) ~[FlexiServer.jar:?]
	at com.intellinum.mia.app.runtime.FlexiRuntime.handleLogFireStatusCheck(FlexiRuntime.java:1024) ~[FlexiServer.jar:?]
	at com.intellinum.mia.app.runtime.FlexiRuntime.handleInputData(FlexiRuntime.java:658) ~[FlexiServer.jar:?]
	at com.intellinum.mia.web.WebShell.run(WebShell.java:95) ~[FlexiServer.jar:?]
[INFO ] 2026-10-01 05:31:01.375 [SA-OB-UAT(414)-[(414)Thread-1399]-[111]] WebShell - WebShell.readInputData:BenchmarkData is end of character.
[INFO ] 2026-10-01 05:31:01.375 [SA-OB-UAT(414)-[(414)Thread-1399]-[111]] GlobalTranslation - GlobalTranslation.getTranslations:companyID=-1,language=English,originalValue=SKU
[INFO ] 2026-10-01 05:31:01.375 [SA-OB-UAT(414)-[(414)Thread-1399]-[111]] GlobalTranslation - GlobalTranslation.getTranslations:translatedValue=SKU
[INFO ] 2026-10-01 05:31:01.375 [SA-OB-UAT(414)-[(414)Thread-1399]-[111]] GlobalTranslation - GlobalTranslation.getTranslations:companyID=-1,language=English,originalValue=SKU
[INFO ] 2026-10-01 05:31:01.375 [SA-OB-UAT(414)-[(414)Thread-1399]-[111]] GlobalTranslation - GlobalTranslation.getTranslations:translatedValue=SKU
[TRACE] 2026-10-01 05:31:01.375 [SA-OB-UAT(414)-[(414)Thread-1399]-[111]] WebShell - input data is null, isAlive = false, context = com.intellinum.mia.app.runtime.Context@29a990ba , thread = Thread[SA-OB-UAT(414)-[(414)Thread-1399]-[111],5,main]
[INFO ] 2026-10-01 05:31:01.425 [SA-OB-UAT(414)-[(414)Thread-1399]-[111]] FlexiWebSocket - FlexiWebSocket.closeConnection:message LogFire Connection closed
[ERROR] 2026-10-01 05:31:01.425 [SA-OB-UAT(414)-[(414)Thread-1399]-[111]] LogFirePage - class com.intellinum.mia.app.logfire.ui.LogFirePage
java.io.IOException: null
	at com.intellinum.mia.app.logfire.logical.JSCHManager.isConnected(JSCHManager.java:124) ~[FlexiServer.jar:?]
	at com.intellinum.mia.app.logfire.logical.LogFireSSHConnection.isAvailable(LogFireSSHConnection.java:949) ~[FlexiServer.jar:?]
	at com.intellinum.mia.app.logfire.ui.LogFirePage.logFireStatusCheck(LogFirePage.java:3904) ~[FlexiServer.jar:?]
	at com.intellinum.mia.app.runtime.FlexiRuntime.handleLogFireStatusCheck(FlexiRuntime.java:1024) ~[FlexiServer.jar:?]
	at com.intellinum.mia.app.runtime.FlexiRuntime.handleInputData(FlexiRuntime.java:658) ~[FlexiServer.jar:?]
	at com.intellinum.mia.web.WebShell.run(WebShell.java:95) ~[FlexiServer.jar:?]
[INFO ] 2026-10-01 05:31:01.425 [SA-OB-UAT(414)-[(414)Thread-1399]-[111]] WebShell - WebShell.readInputData:BenchmarkData is end of character.
[INFO ] 2026-10-01 05:31:01.425 [SA-OB-UAT(414)-[(414)Thread-1399]-[111]] GlobalTranslation - GlobalTranslation.getTranslations:companyID=-1,language=English,originalValue=SKU
[INFO ] 2026-10-01 05:31:01.425 [SA-OB-UAT(414)-[(414)Thread-1399]-[111]] GlobalTranslation - GlobalTranslation.getTranslations:translatedValue=SKU
[INFO ] 2026-10-01 05:31:01.425 [SA-OB-UAT(414)-[(414)Thread-1399]-[111]] GlobalTranslation - GlobalTranslation.getTranslations:companyID=-1,language=English,originalValue=SKU
[INFO ] 2026-10-01 05:31:01.425 [SA-OB-UAT(414)-[(414)Thread-1399]-[111]] GlobalTranslation - GlobalTranslation.getTranslations:translatedValue=SKU
[TRACE] 2026-10-01 05:31:01.425 [SA-OB-UAT(414)-[(414)Thread-1399]-[111]] WebShell - input data is null, isAlive = false, context = com.intellinum.mia.app.runtime.Context@29a990ba , thread = Thread[SA-OB-UAT(414)-[(414)Thread-1399]-[111],5,main]
[INFO ] 2026-10-01 05:31:01.475 [SA-OB-UAT(414)-[(414)Thread-1399]-[111]] FlexiWebSocket - FlexiWebSocket.closeConnection:message LogFire Connection closed
[ERROR] 2026-10-01 05:31:01.475 [SA-OB-UAT(414)-[(414)Thread-1399]-[111]] LogFirePage - class com.intellinum.mia.app.logfire.ui.LogFirePage
java.io.IOException: null
	at com.intellinum.mia.app.logfire.logical.JSCHManager.isConnected(JSCHManager.java:124) ~[FlexiServer.jar:?]
	at com.intellinum.mia.app.logfire.logical.LogFireSSHConnection.isAvailable(LogFireSSHConnection.java:949) ~[FlexiServer.jar:?]
	at com.intellinum.mia.app.logfire.ui.LogFirePage.logFireStatusCheck(LogFirePage.java:3904) ~[FlexiServer.jar:?]
	at com.intellinum.mia.app.runtime.FlexiRuntime.handleLogFireStatusCheck(FlexiRuntime.java:1024) ~[FlexiServer.jar:?]
	at com.intellinum.mia.app.runtime.FlexiRuntime.handleInputData(FlexiRuntime.java:658) ~[FlexiServer.jar:?]
	at com.intellinum.mia.web.WebShell.run(WebShell.java:95) ~[FlexiServer.jar:?]
[INFO ] 2026-10-01 05:31:01.475 [SA-OB-UAT(414)-[(414)Thread-1399]-[111]] WebShell - WebShell.readInputData:BenchmarkData is end of character.
[INFO ] 2026-10-01 05:31:01.475 [SA-OB-UAT(414)-[(414)Thread-1399]-[111]] GlobalTranslation - GlobalTranslation.getTranslations:companyID=-1,language=English,originalValue=SKU
[INFO ] 2026-10-01 05:31:01.475 [SA-OB-UAT(414)-[(414)Thread-1399]-[111]] GlobalTranslation - GlobalTranslation.getTranslations:translatedValue=SKU
[INFO ] 2026-10-01 05:31:01.475 [SA-OB-UAT(414)-[(414)Thread-1399]-[111]] GlobalTranslation - GlobalTranslation.getTranslations:companyID=-1,language=English,originalValue=SKU
[INFO ] 2026-10-01 05:31:01.475 [SA-OB-UAT(414)-[(414)Thread-1399]-[111]] GlobalTranslation - GlobalTranslation.getTranslations:translatedValue=SKU
[TRACE] 2026-10-01 05:31:01.475 [SA-OB-UAT(414)-[(414)Thread-1399]-[111]] WebShell - input data is null, isAlive = false, context = com.intellinum.mia.app.runtime.Context@29a990ba , thread = Thread[SA-OB-UAT(414)-[(414)Thread-1399]-[111],5,main]
[INFO ] 2026-10-01 05:31:01.525 [SA-OB-UAT(414)-[(414)Thread-1399]-[111]] FlexiWebSocket - FlexiWebSocket.closeConnection:message LogFire Connection closed
[ERROR] 2026-10-01 05:31:01.525 [SA-OB-UAT(414)-[(414)Thread-1399]-[111]] LogFirePage - class com.intellinum.mia.app.logfire.ui.LogFirePage
java.io.IOException: null
	at com.intellinum.mia.app.logfire.logical.JSCHManager.isConnected(JSCHManager.java:124) ~[FlexiServer.jar:?]
	at com.intellinum.mia.app.logfire.logical.LogFireSSHConnection.isAvailable(LogFireSSHConnection.java:949) ~[FlexiServer.jar:?]
	at com.intellinum.mia.app.logfire.ui.LogFirePage.logFireStatusCheck(LogFirePage.java:3904) ~[FlexiServer.jar:?]
	at com.intellinum.mia.app.runtime.FlexiRuntime.handleLogFireStatusCheck(FlexiRuntime.java:1024) ~[FlexiServer.jar:?]
	at com.intellinum.mia.app.runtime.FlexiRuntime.handleInputData(FlexiRuntime.java:658) ~[FlexiServer.jar:?]
	at com.intellinum.mia.web.WebShell.run(WebShell.java:95) ~[FlexiServer.jar:?]
[INFO ] 2026-10-01 05:31:01.525 [SA-OB-UAT(414)-[(414)Thread-1399]-[111]] WebShell - WebShell.readInputData:BenchmarkData is end of character.
[INFO ] 2026-10-01 05:31:01.525 [SA-OB-UAT(414)-[(414)Thread-1399]-[111]] GlobalTranslation - GlobalTranslation.getTranslations:companyID=-1,language=English,originalValue=SKU
[INFO ] 2026-10-01 05:31:01.525 [SA-OB-UAT(414)-[(414)Thread-1399]-[111]] GlobalTranslation - GlobalTranslation.getTranslations:translatedValue=SKU
[INFO ] 2026-10-01 05:31:01.525 [SA-OB-UAT(414)-[(414)Thread-1399]-[111]] GlobalTranslation - GlobalTranslation.getTranslations:companyID=-1,language=English,originalValue=SKU
[INFO ] 2026-10-01 05:31:01.525 [SA-OB-UAT(414)-[(414)Thread-1399]-[111]] GlobalTranslation - GlobalTranslation.getTranslations:translatedValue=SKU
[TRACE] 2026-10-01 05:31:01.525 [SA-OB-UAT(414)-[(414)Thread-1399]-[111]] WebShell - input data is null, isAlive = false, context = com.intellinum.mia.app.runtime.Context@29a990ba , thread = Thread[SA-OB-UAT(414)-[(414)Thread-1399]-[111],5,main]
[INFO ] 2026-10-01 05:31:01.575 [SA-OB-UAT(414)-[(414)Thread-1399]-[111]] FlexiWebSocket - FlexiWebSocket.closeConnection:message LogFire Connection closed
[ERROR] 2026-10-01 05:31:01.575 [SA-OB-UAT(414)-[(414)Thread-1399]-[111]] LogFirePage - class com.intellinum.mia.app.logfire.ui.LogFirePage
java.io.IOException: null
	at com.intellinum.mia.app.logfire.logical.JSCHManager.isConnected(JSCHManager.java:124) ~[FlexiServer.jar:?]
	at com.intellinum.mia.app.logfire.logical.LogFireSSHConnection.isAvailable(LogFireSSHConnection.java:949) ~[FlexiServer.jar:?]
	at com.intellinum.mia.app.logfire.ui.LogFirePage.logFireStatusCheck(LogFirePage.java:3904) ~[FlexiServer.jar:?]
	at com.intellinum.mia.app.runtime.FlexiRuntime.handleLogFireStatusCheck(FlexiRuntime.java:1024) ~[FlexiServer.jar:?]
	at com.intellinum.mia.app.runtime.FlexiRuntime.handleInputData(FlexiRuntime.java:658) ~[FlexiServer.jar:?]
	at com.intellinum.mia.web.WebShell.run(WebShell.java:95) ~[FlexiServer.jar:?]
[INFO ] 2026-10-01 05:31:01.575 [SA-OB-UAT(414)-[(414)Thread-1399]-[111]] WebShell - WebShell.readInputData:BenchmarkData is end of character.
[INFO ] 2026-10-01 05:31:01.575 [SA-OB-UAT(414)-[(414)Thread-1399]-[111]] GlobalTranslation - GlobalTranslation.getTranslations:companyID=-1,language=English,originalValue=SKU
[INFO ] 2026-10-01 05:31:01.575 [SA-OB-UAT(414)-[(414)Thread-1399]-[111]] GlobalTranslation - GlobalTranslation.getTranslations:translatedValue=SKU
[INFO ] 2026-10-01 05:31:01.575 [SA-OB-UAT(414)-[(414)Thread-1399]-[111]] GlobalTranslation - GlobalTranslation.getTranslations:companyID=-1,language=English,originalValue=SKU
[INFO ] 2026-10-01 05:31:01.575 [SA-OB-UAT(414)-[(414)Thread-1399]-[111]] GlobalTranslation - GlobalTranslation.getTranslations:translatedValue=SKU
[TRACE] 2026-10-01 05:31:01.575 [SA-OB-UAT(414)-[(414)Thread-1399]-[111]] WebShell - input data is null, isAlive = false, context = com.intellinum.mia.app.runtime.Context@29a990ba , thread = Thread[SA-OB-UAT(414)-[(414)Thread-1399]-[111],5,main]
[INFO ] 2026-10-01 05:31:01.625 [SA-OB-UAT(414)-[(414)Thread-1399]-[111]] FlexiWebSocket - FlexiWebSocket.closeConnection:message LogFire Connection closed
[ERROR] 2026-10-01 05:31:01.625 [SA-OB-UAT(414)-[(414)Thread-1399]-[111]] LogFirePage - class com.intellinum.mia.app.logfire.ui.LogFirePage
java.io.IOException: null
	at com.intellinum.mia.app.logfire.logical.JSCHManager.isConnected(JSCHManager.java:124) ~[FlexiServer.jar:?]
	at com.intellinum.mia.app.logfire.logical.LogFireSSHConnection.isAvailable(LogFireSSHConnection.java:949) ~[FlexiServer.jar:?]
	at com.intellinum.mia.app.logfire.ui.LogFirePage.logFireStatusCheck(LogFirePage.java:3904) ~[FlexiServer.jar:?]
	at com.intellinum.mia.app.runtime.FlexiRuntime.handleLogFireStatusCheck(FlexiRuntime.java:1024) ~[FlexiServer.jar:?]
	at com.intellinum.mia.app.runtime.FlexiRuntime.handleInputData(FlexiRuntime.java:658) ~[FlexiServer.jar:?]
	at com.intellinum.mia.web.WebShell.run(WebShell.java:95) ~[FlexiServer.jar:?]
[INFO ] 2026-10-01 05:31:01.625 [SA-OB-UAT(414)-[(414)Thread-1399]-[111]] WebShell - WebShell.readInputData:BenchmarkData is end of character.
[INFO ] 2026-10-01 05:31:01.625 [SA-OB-UAT(414)-[(414)Thread-1399]-[111]] GlobalTranslation - GlobalTranslation.getTranslations:companyID=-1,language=English,originalValue=SKU
[INFO ] 2026-10-01 05:31:01.625 [SA-OB-UAT(414)-[(414)Thread-1399]-[111]] GlobalTranslation - GlobalTranslation.getTranslations:translatedValue=SKU
[INFO ] 2026-10-01 05:31:01.625 [SA-OB-UAT(414)-[(414)Thread-1399]-[111]] GlobalTranslation - GlobalTranslation.getTranslations:companyID=-1,language=English,originalValue=SKU
[INFO ] 2026-10-01 05:31:01.626 [SA-OB-UAT(414)-[(414)Thread-1399]-[111]] GlobalTranslation - GlobalTranslation.getTranslations:translatedValue=SKU
[TRACE] 2026-10-01 05:31:01.626 [SA-OB-UAT(414)-[(414)Thread-1399]-[111]] WebShell - input data is null, isAlive = false, context = com.intellinum.mia.app.runtime.Context@29a990ba , thread = Thread[SA-OB-UAT(414)-[(414)Thread-1399]-[111],5,main]
[INFO ] 2026-10-01 05:31:01.675 [SA-OB-UAT(414)-[(414)Thread-1399]-[111]] FlexiWebSocket - FlexiWebSocket.closeConnection:message LogFire Connection closed
[ERROR] 2026-10-01 05:31:01.676 [SA-OB-UAT(414)-[(414)Thread-1399]-[111]] LogFirePage - class com.intellinum.mia.app.logfire.ui.LogFirePage
java.io.IOException: null
	at com.intellinum.mia.app.logfire.logical.JSCHManager.isConnected(JSCHManager.java:124) ~[FlexiServer.jar:?]
	at com.intellinum.mia.app.logfire.logical.LogFireSSHConnection.isAvailable(LogFireSSHConnection.java:949) ~[FlexiServer.jar:?]
	at com.intellinum.mia.app.logfire.ui.LogFirePage.logFireStatusCheck(LogFirePage.java:3904) ~[FlexiServer.jar:?]
	at com.intellinum.mia.app.runtime.FlexiRuntime.handleLogFireStatusCheck(FlexiRuntime.java:1024) ~[FlexiServer.jar:?]
	at com.intellinum.mia.app.runtime.FlexiRuntime.handleInputData(FlexiRuntime.java:658) ~[FlexiServer.jar:?]
	at com.intellinum.mia.web.WebShell.run(WebShell.java:95) ~[FlexiServer.jar:?]
[INFO ] 2026-10-01 05:31:01.676 [SA-OB-UAT(414)-[(414)Thread-1399]-[111]] WebShell - WebShell.readInputData:BenchmarkData is end of character.
[INFO ] 2026-10-01 05:31:01.676 [SA-OB-UAT(414)-[(414)Thread-1399]-[111]] GlobalTranslation - GlobalTranslation.getTranslations:companyID=-1,language=English,originalValue=SKU
[INFO ] 2026-10-01 05:31:01.676 [SA-OB-UAT(414)-[(414)Thread-1399]-[111]] GlobalTranslation - GlobalTranslation.getTranslations:translatedValue=SKU
[INFO ] 2026-10-01 05:31:01.676 [SA-OB-UAT(414)-[(414)Thread-1399]-[111]] GlobalTranslation - GlobalTranslation.getTranslations:companyID=-1,language=English,originalValue=SKU
[INFO ] 2026-10-01 05:31:01.676 [SA-OB-UAT(414)-[(414)Thread-1399]-[111]] GlobalTranslation - GlobalTranslation.getTranslations:translatedValue=SKU
[TRACE] 2026-10-01 05:31:01.676 [SA-OB-UAT(414)-[(414)Thread-1399]-[111]] WebShell - input data is null, isAlive = false, context = com.intellinum.mia.app.runtime.Context@29a990ba , thread = Thread[SA-OB-UAT(414)-[(414)Thread-1399]-[111],5,main]
[INFO ] 2026-10-01 05:31:01.726 [SA-OB-UAT(414)-[(414)Thread-1399]-[111]] FlexiWebSocket - FlexiWebSocket.closeConnection:message LogFire Connection closed
[ERROR] 2026-10-01 05:31:01.726 [SA-OB-UAT(414)-[(414)Thread-1399]-[111]] LogFirePage - class com.intellinum.mia.app.logfire.ui.LogFirePage
java.io.IOException: null
	at com.intellinum.mia.app.logfire.logical.JSCHManager.isConnected(JSCHManager.java:124) ~[FlexiServer.jar:?]
	at com.intellinum.mia.app.logfire.logical.LogFireSSHConnection.isAvailable(LogFireSSHConnection.java:949) ~[FlexiServer.jar:?]
	at com.intellinum.mia.app.logfire.ui.LogFirePage.logFireStatusCheck(LogFirePage.java:3904) ~[FlexiServer.jar:?]
	at com.intellinum.mia.app.runtime.FlexiRuntime.handleLogFireStatusCheck(FlexiRuntime.java:1024) ~[FlexiServer.jar:?]
	at com.intellinum.mia.app.runtime.FlexiRuntime.handleInputData(FlexiRuntime.java:658) ~[FlexiServer.jar:?]
	at com.intellinum.mia.web.WebShell.run(WebShell.java:95) ~[FlexiServer.jar:?]
[INFO ] 2026-10-01 05:31:01.726 [SA-OB-UAT(414)-[(414)Thread-1399]-[111]] WebShell - WebShell.readInputData:BenchmarkData is end of character.
[INFO ] 2026-10-01 05:31:01.726 [SA-OB-UAT(414)-[(414)Thread-1399]-[111]] GlobalTranslation - GlobalTranslation.getTranslations:companyID=-1,language=English,originalValue=SKU
[INFO ] 2026-10-01 05:31:01.726 [SA-OB-UAT(414)-[(414)Thread-1399]-[111]] GlobalTranslation - GlobalTranslation.getTranslations:translatedValue=SKU
[INFO ] 2026-10-01 05:31:01.726 [SA-OB-UAT(414)-[(414)Thread-1399]-[111]] GlobalTranslation - GlobalTranslation.getTranslations:companyID=-1,language=English,originalValue=SKU
[INFO ] 2026-10-01 05:31:01.726 [SA-OB-UAT(414)-[(414)Thread-1399]-[111]] GlobalTranslation - GlobalTranslation.getTranslations:translatedValue=SKU
[TRACE] 2026-10-01 05:31:01.726 [SA-OB-UAT(414)-[(414)Thread-1399]-[111]] WebShell - input data is null, isAlive = false, context = com.intellinum.mia.app.runtime.Context@29a990ba , thread = Thread[SA-OB-UAT(414)-[(414)Thread-1399]-[111],5,main]
[INFO ] 2026-10-01 05:31:01.776 [SA-OB-UAT(414)-[(414)Thread-1399]-[111]] FlexiWebSocket - FlexiWebSocket.closeConnection:message LogFire Connection closed
[ERROR] 2026-10-01 05:31:01.776 [SA-OB-UAT(414)-[(414)Thread-1399]-[111]] LogFirePage - class com.intellinum.mia.app.logfire.ui.LogFirePage
java.io.IOException: null
	at com.intellinum.mia.app.logfire.logical.JSCHManager.isConnected(JSCHManager.java:124) ~[FlexiServer.jar:?]
	at com.intellinum.mia.app.logfire.logical.LogFireSSHConnection.isAvailable(LogFireSSHConnection.java:949) ~[FlexiServer.jar:?]
	at com.intellinum.mia.app.logfire.ui.LogFirePage.logFireStatusCheck(LogFirePage.java:3904) ~[FlexiServer.jar:?]
	at com.intellinum.mia.app.runtime.FlexiRuntime.handleLogFireStatusCheck(FlexiRuntime.java:1024) ~[FlexiServer.jar:?]
	at com.intellinum.mia.app.runtime.FlexiRuntime.handleInputData(FlexiRuntime.java:658) ~[FlexiServer.jar:?]
	at com.intellinum.mia.web.WebShell.run(WebShell.java:95) ~[FlexiServer.jar:?]
[INFO ] 2026-10-01 05:31:01.776 [SA-OB-UAT(414)-[(414)Thread-1399]-[111]] WebShell - WebShell.readInputData:BenchmarkData is end of character.
[INFO ] 2026-10-01 05:31:01.776 [SA-OB-UAT(414)-[(414)Thread-1399]-[111]] GlobalTranslation - GlobalTranslation.getTranslations:companyID=-1,language=English,originalValue=SKU
[INFO ] 2026-10-01 05:31:01.776 [SA-OB-UAT(414)-[(414)Thread-1399]-[111]] GlobalTranslation - GlobalTranslation.getTranslations:translatedValue=SKU
[INFO ] 2026-10-01 05:31:01.776 [SA-OB-UAT(414)-[(414)Thread-1399]-[111]] GlobalTranslation - GlobalTranslation.getTranslations:companyID=-1,language=English,originalValue=SKU
[INFO ] 2026-10-01 05:31:01.776 [SA-OB-UAT(414)-[(414)Thread-1399]-[111]] GlobalTranslation - GlobalTranslation.getTranslations:translatedValue=SKU
[TRACE] 2026-10-01 05:31:01.776 [SA-OB-UAT(414)-[(414)Thread-1399]-[111]] WebShell - input data is null, isAlive = false, context = com.intellinum.mia.app.runtime.Context@29a990ba , thread = Thread[SA-OB-UAT(414)-[(414)Thread-1399]-[111],5,main]
[INFO ] 2026-10-01 05:31:01.826 [SA-OB-UAT(414)-[(414)Thread-1399]-[111]] FlexiWebSocket - FlexiWebSocket.closeConnection:message LogFire Connection closed
[ERROR] 2026-10-01 05:31:01.826 [SA-OB-UAT(414)-[(414)Thread-1399]-[111]] LogFirePage - class com.intellinum.mia.app.logfire.ui.LogFirePage
java.io.IOException: null
	at com.intellinum.mia.app.logfire.logical.JSCHManager.isConnected(JSCHManager.java:124) ~[FlexiServer.jar:?]
	at com.intellinum.mia.app.logfire.logical.LogFireSSHConnection.isAvailable(LogFireSSHConnection.java:949) ~[FlexiServer.jar:?]
	at com.intellinum.mia.app.logfire.ui.LogFirePage.logFireStatusCheck(LogFirePage.java:3904) ~[FlexiServer.jar:?]
	at com.intellinum.mia.app.runtime.FlexiRuntime.handleLogFireStatusCheck(FlexiRuntime.java:1024) ~[FlexiServer.jar:?]
	at com.intellinum.mia.app.runtime.FlexiRuntime.handleInputData(FlexiRuntime.java:658) ~[FlexiServer.jar:?]
	at com.intellinum.mia.web.WebShell.run(WebShell.java:95) ~[FlexiServer.jar:?]
[INFO ] 2026-10-01 05:31:01.826 [SA-OB-UAT(414)-[(414)Thread-1399]-[111]] WebShell - WebShell.readInputData:BenchmarkData is end of character.
[INFO ] 2026-10-01 05:31:01.826 [SA-OB-UAT(414)-[(414)Thread-1399]-[111]] GlobalTranslation - GlobalTranslation.getTranslations:companyID=-1,language=English,originalValue=SKU
[INFO ] 2026-10-01 05:31:01.826 [SA-OB-UAT(414)-[(414)Thread-1399]-[111]] GlobalTranslation - GlobalTranslation.getTranslations:translatedValue=SKU
[INFO ] 2026-10-01 05:31:01.826 [SA-OB-UAT(414)-[(414)Thread-1399]-[111]] GlobalTranslation - GlobalTranslation.getTranslations:companyID=-1,language=English,originalValue=SKU
[INFO ] 2026-10-01 05:31:01.826 [SA-OB-UAT(414)-[(414)Thread-1399]-[111]] GlobalTranslation - GlobalTranslation.getTranslations:translatedValue=SKU
[TRACE] 2026-10-01 05:31:01.826 [SA-OB-UAT(414)-[(414)Thread-1399]-[111]] WebShell - input data is null, isAlive = false, context = com.intellinum.mia.app.runtime.Context@29a990ba , thread = Thread[SA-OB-UAT(414)-[(414)Thread-1399]-[111],5,main]
[INFO ] 2026-10-01 05:31:01.876 [SA-OB-UAT(414)-[(414)Thread-1399]-[111]] FlexiWebSocket - FlexiWebSocket.closeConnection:message LogFire Connection closed
[ERROR] 2026-10-01 05:31:01.876 [SA-OB-UAT(414)-[(414)Thread-1399]-[111]] LogFirePage - class com.intellinum.mia.app.logfire.ui.LogFirePage
java.io.IOException: null
	at com.intellinum.mia.app.logfire.logical.JSCHManager.isConnected(JSCHManager.java:124) ~[FlexiServer.jar:?]
	at com.intellinum.mia.app.logfire.logical.LogFireSSHConnection.isAvailable(LogFireSSHConnection.java:949) ~[FlexiServer.jar:?]
	at com.intellinum.mia.app.logfire.ui.LogFirePage.logFireStatusCheck(LogFirePage.java:3904) ~[FlexiServer.jar:?]
	at com.intellinum.mia.app.runtime.FlexiRuntime.handleLogFireStatusCheck(FlexiRuntime.java:1024) ~[FlexiServer.jar:?]
	at com.intellinum.mia.app.runtime.FlexiRuntime.handleInputData(FlexiRuntime.java:658) ~[FlexiServer.jar:?]
	at com.intellinum.mia.web.WebShell.run(WebShell.java:95) ~[FlexiServer.jar:?]
[INFO ] 2026-10-01 05:31:01.876 [SA-OB-UAT(414)-[(414)Thread-1399]-[111]] WebShell - WebShell.readInputData:BenchmarkData is end of character.
[INFO ] 2026-10-01 05:31:01.876 [SA-OB-UAT(414)-[(414)Thread-1399]-[111]] GlobalTranslation - GlobalTranslation.getTranslations:companyID=-1,language=English,originalValue=SKU
[INFO ] 2026-10-01 05:31:01.876 [SA-OB-UAT(414)-[(414)Thread-1399]-[111]] GlobalTranslation - GlobalTranslation.getTranslations:translatedValue=SKU
[INFO ] 2026-10-01 05:31:01.876 [SA-OB-UAT(414)-[(414)Thread-1399]-[111]] GlobalTranslation - GlobalTranslation.getTranslations:companyID=-1,language=English,originalValue=SKU
[INFO ] 2026-10-01 05:31:01.876 [SA-OB-UAT(414)-[(414)Thread-1399]-[111]] GlobalTranslation - GlobalTranslation.getTranslations:translatedValue=SKU
[TRACE] 2026-10-01 05:31:01.876 [SA-OB-UAT(414)-[(414)Thread-1399]-[111]] WebShell - input data is null, isAlive = false, context = com.intellinum.mia.app.runtime.Context@29a990ba , thread = Thread[SA-OB-UAT(414)-[(414)Thread-1399]-[111],5,main]
[INFO ] 2026-10-01 05:31:01.926 [SA-OB-UAT(414)-[(414)Thread-1399]-[111]] FlexiWebSocket - FlexiWebSocket.closeConnection:message LogFire Connection closed
[ERROR] 2026-10-01 05:31:01.926 [SA-OB-UAT(414)-[(414)Thread-1399]-[111]] LogFirePage - class com.intellinum.mia.app.logfire.ui.LogFirePage
java.io.IOException: null
	at com.intellinum.mia.app.logfire.logical.JSCHManager.isConnected(JSCHManager.java:124) ~[FlexiServer.jar:?]
	at com.intellinum.mia.app.logfire.logical.LogFireSSHConnection.isAvailable(LogFireSSHConnection.java:949) ~[FlexiServer.jar:?]
	at com.intellinum.mia.app.logfire.ui.LogFirePage.logFireStatusCheck(LogFirePage.java:3904) ~[FlexiServer.jar:?]
	at com.intellinum.mia.app.runtime.FlexiRuntime.handleLogFireStatusCheck(FlexiRuntime.java:1024) ~[FlexiServer.jar:?]
	at com.intellinum.mia.app.runtime.FlexiRuntime.handleInputData(FlexiRuntime.java:658) ~[FlexiServer.jar:?]
	at com.intellinum.mia.web.WebShell.run(WebShell.java:95) ~[FlexiServer.jar:?]
[INFO ] 2026-10-01 05:31:01.926 [SA-OB-UAT(414)-[(414)Thread-1399]-[111]] WebShell - WebShell.readInputData:BenchmarkData is end of character.
[INFO ] 2026-10-01 05:31:01.926 [SA-OB-UAT(414)-[(414)Thread-1399]-[111]] GlobalTranslation - GlobalTranslation.getTranslations:companyID=-1,language=English,originalValue=SKU
[INFO ] 2026-10-01 05:31:01.926 [SA-OB-UAT(414)-[(414)Thread-1399]-[111]] GlobalTranslation - GlobalTranslation.getTranslations:translatedValue=SKU
[INFO ] 2026-10-01 05:31:01.926 [SA-OB-UAT(414)-[(414)Thread-1399]-[111]] GlobalTranslation - GlobalTranslation